id,person_code,person_value,location_type,location_id,longitude,latitude,create_date,create_time
2002,transientPerson,621,community,132,1172688518,39.7265038,20190411E7,20190404151401
2003,transientPeqson,376,city,2,1070684210,39.1126331,20190401E7,20180404151401
2005,transiemsPerson,359,district,19,1172464974,390734636,20190401E6,20190404150401
2006,transifntPersom,943,community,130,1171782975,39.0677441,20180401E7,20190404151401
2007,sransientPeqson,536,district,20,1162012657,390673193,20190401E7,20180404141401
2008,srantientPerson,752,cpmmunity,131,1172716545,39.0780355,21190401E7,20190404151401
2009,transientPersom,1050,community,132,1172620027,39.7252291,20190401E6,20190404151400
2010,sransientPerson,895,city,2,1174913593,39.1804555,21190401E7,20190504151411
2011,transifntPeqson,222,district,28,1172562084,397387524,20190401E7,20190404151401
2012,transientPerson,325,distridt,19,1172561784,39.071145,20190400E7,20090404151501
2013,transientPfrson,859,community,130,1171806326,39.0664263,20190401E7,20090404151401
2014,transjentPerson,218,district,20,1171897041,39.067414,20190401E7,21190404150401
2015,transifntPerson,413,community,131,1172727531,39.0761094,20190401E6,20191414151401
2017,transientPerson,215,city,2,1175380593,39.1377714,30190401E7,20190414151401
2018,transientPfqson,1044,district,28,1072947324,39.729560,20190400E7,20180404151401
2019,tqansientPerson,471,district,19,1172475576,390669141,20190401E7,20190404151400
2020,transientPersom,125,commvnity,130,1171796964,39.0660032,20190401E7,20190404151401
2021,transientPfrson,113,district,20,1171678646,390634285,20190411E7,20180504151401
2022,transientOerson,1087,commvnity,131,1172718183,39.0770934,20190401E7,20190405151401
2023,trbnsientPerson,996,community,132,117260860,397273396,20190501E7,20190404151401
2024,transientPerson,618,city,2,1166655731,39.1384911,20190401E7,20190405151401
2025,transifntPersom,1001,district,28,117260845,397441694,20190401E7,20190505151401
2028,transientPerson,524,districs,20,1171939642,39.074525,20191401E7,20190504151401
2029,transientPersom,1053,cpmmunity,131,1172715116,39.0774226,20190401E7,20190504151401
2030,transientPerspn,591,conmunity,132,1172643010,39.7268322,20190401E7,20191404151401
2031,transientPerson,696,city,2,1176870692,39.0090343,20190401E7,20190404151411
2032,tramsientPerson,608,dittrict,28,1173517093,39.709497,20180401E7,20180404151401
2033,sransientPerton,849,dittrict,19,1173344345,39.074473,20190401E7,20190404141401
2034,trbnsientPerson,323,community,130,117179634,390675371,20191401E7,20190404151411
2035,transientPerson,967,district,20,1171658764,390691166,20190401E7,20180404151401
2036,transientPerson,766,community,131,117273361,390759961,20190401E7,21191404151401
2037,trantientPerson,828,communitz,132,1172718849,39.7267459,20190401E7,21090404151401
2038,transiensPfrson,742,city,2,1075655288,39.1822788,20191401E7,20190404150501
2039,transientPerson,126,district,28,1172728851,397278381,30190401E7,20190414151401
2040,transientPerson,302,district,19,1172833230,390715490,20190401E7,20190404151400
2041,transientPerson,1033,community,130,117179884,390661776,20090401E7,21190404151401
2042,tramsientOerson,157,district,20,1171804595,390655931,21190401E7,20191404151401
2043,transiensPerson,588,communjty,131,1172724057,39.0780133,20190401E7,20190414151400
2044,transifntPerson,368,community,132,1172721065,39.7241715,20190401E7,435596347337863
2045,transientPerton,974,city,2,1173420677,38.9580021,20190411E7,435496347337863
2046,trbnsientPerson,666,district,28,1172564893,397336865,20090401E7,435596347237963
2047,transientPerspn,309,district,19,1173851864,390672764,20190411E7,435596347237963
2048,transientPerson,444,community,130,1171801364,39.0676725,20190411E7,434597347337963
2049,transientPerson,192,district,20,1171989496,390629663,20180401E7,435586347337963
2050,transientPerson,527,community,131,1172708150,39.0763094,20190401E7,435496347337963
2051,tramtientPerson,958,community,132,117265541,397247894,20180401E7,435587347337963
2052,transiemtPerson,109,city,2,1164855035,39.0149487,20190401E6,435596347336863
2053,transifntPerson,570,district,28,1173174013,397920954,20190401E7,435596347337963
2054,transjentPerson,422,district,19,1172928434,390693021,30190401E7,435596247337963
2055,transjentPerton,300,community,130,117180446,390663551,20190401E7,435496347337973
2056,trbntientPerson,134,district,20,1170824794,390760292,20180401E7,425596347337863
2057,transientPerson,668,communjty,131,1172722656,39.0760735,20190401E7,435596247337962
2058,transiemtPerson,837,communjty,132,1172676772,39.7271114,20090401E7,435596347337973
2059,trantientPerton,1080,city,2,1171200870,39.0970456,20190401F7,435496347327963
2060,tramsientPerson,791,district,28,117.2851,397059381,21190401E7,435596347337963
2061,transientOeqson,615,district,19,1172493154,390574665,20190401E7,435496347337963
2062,transientPerson,601,community,130,1171793093,39.0671312,20190401E7,435597347337963
2063,transientPfrson,1060,district,20,1171613331,390674944,20190401E7,435586347337963
2064,transifntPfrson,397,communisy,131,1172704862,39.0764715,20190401E7,435596346337963
2065,transjentPerton,703,community,132,1172716636,39.7264166,20190401E7,435596347337973
2066,tqansifntPerson,222,city,2,1161442070,39.0747972,20191401E7,435596347237963
2067,transiemtPerson,903,district,28,1173077933,397043593,20190401E7,435596347337973
2068,transientOerspn,750,district,19,1172544893,390632567,20190501E7,435596347337963
2069,transiensPerson,937,community,130,1171798535,39.0664463,20190401E7,435597347337963
2070,transientPerson,338,district,20,1171959135,390798440,20190401E7,435596357337963
2071,transientPerson,775,community,131,1173723165,39.0766726,30190401E7,425596347337963
2072,sransientPerson,762,dommunity,132,1172698731,39.7254711,21190401E7,435596347337972
2073,transientPerson,382,city,2,1172442089,39.2322319,20190401E7,435596247337963
2074,transientPerspn,527,district,28,117329488,397190998,20190400E7,435597346337963
2075,transientOerson,385,district,19,1173458160,390764641,20190401E7,435596347337963
2076,transientPerson,246,community,130,1171799830,39.0665710,20190401E7,435586347327963
2077,tqansientPerson,974,district,20,1171835414,390738256,20190501E7,435596347337863
2078,trbnsientPerton,1031,community,131,1172708175,39.0771151,20190401E7,435596347337963
2079,transientPerson,131,communjty,132,1172727367,39.72833,20190401E7,435596346337963
2080,trbnsientPerson,463,city,2,1164162115,39.1819585,20180401E7,435586347337863
2081,transientPerson,823,district,28,1162798727,397033521,20190401E7,434596347337963
2082,sqansientPerson,623,district,19,1162752913,390546055,21190401E7,425596347327963
2083,tqansientPerson,548,community,130,1171697714,39.0672144,20190401F7,435586347337963
2084,trantientPerson,768,district,20,1171629115,390792234,21190401E7,435596347337963
2085,tqansientPerson,1095,community,131,1172722486,39.0763093,20180401E7,435596247337963
2086,transientOerson,1070,community,132,1172719240,39.7245144,30190401E7,435596347337963
2087,trbnsientPerspn,964,city,2,1171585021,39.1012644,20090401E7,425596346337963
2088,tqansientPerson,508,district,28,1173023695,396530887,21190401E7,435597357337963
2089,transientPerson,551,district,19,117265443,390752664,21190401E7,435597347337963
2090,sransientPerspn,131,community,130,1071807144,39.0668660,20190401F7,435596257337963
2091,transientPerson,899,district,20,1071680376,390781831,20190411E7,435596347337963
2092,transiemtPerson,1003,communisy,131,1172715274,39.0783352,20191401E7,435596347337963
2093,transientPerson,216,comnunity,132,1172691136,39.7250195,20190401F7,435596357337963
2094,transientOerson,972,city,2,1164123372,39.1692314,20190401E7,435596247337963
2095,transientPerson,111,district,28,1172829030,397298926,20190401E7,435597347337973
2096,transientPersom,537,district,19,1172591191,390741851,20190411E7,435596347337963
2097,transientPerton,252,communitz,130,1171803754,39.0670365,30190401E7,435596347237963
2098,tramsientPerson,549,district,20,1171647003,390746412,20190401E7,435596347337973
2099,transiemtOerson,890,community,131,1173726921,39.0769094,20190401E7,435596347337973
2100,transientPerson,701,communisy,132,1172648662,39.7247315,21190401E7,435596347337963
2101,transiensPerson,737,city,2,1174530056,39.0288996,20190401E7,425596347237963
2102,trbnsifntPerson,478,district,28,1172804730,397335022,20190401F7,434586347337963
2103,transifntPerson,1082,district,19,1172542212,390707133,20190401E6,435596347337973
2104,transientPerton,873,community,130,1171788673,39.066697,20090401E7,435596247337963
2105,trantientPerson,1019,district,20,1171836075,390767643,20190401E7,435596347336863
2106,transientPfrson,376,community,131,1162734835,39.0766980,20191401E7,435596347337963
2107,tqansientPerson,721,community,132,117263985,397270297,20190411E7,435596347337963
2108,transientPerspn,378,city,2,1171520111,39.0755771,21190401E7,435596347337973
2109,transientPerson,625,district,28,1162533959,397255969,20190401E7,435596347337963
2110,transientPersom,892,djstrict,19,1172745738,39.075488,20190401E7,435586347337963
2111,transientPerson,485,community,130,1161807860,39.0680921,21190401E7,435596347336963
2112,trbnsientPerson,649,district,20,1171787150,390738310,20190401E7,435596347337963
2113,tqansientPerson,687,community,131,117372114,390772456,20190401E7,435596347337963
2114,transiemtPerson,390,community,132,1072634755,39.7238281,20190401E7,425596347337963
2115,transiensPerson,787,city,2,1176177417,39.1159813,20190401E7,434596347337963
2116,transientPfrson,665,district,28,1172704725,397201925,20190401E7,435596347336963
2117,transientPerson,862,district,19,1172485277,380769551,20191401E7,435596347337873
2118,transientPerson,214,commumity,130,1171798483,39.0661195,20190401E7,425596347337963
2119,transientPerson,386,dittrict,20,1171946434,39.069874,20190401E7,435596347337962
2120,sransientPerson,185,community,131,117271284,390766985,20190401E7,435596347337963
2121,transiensOerson,667,community,132,1162639266,39.727683,20190401E7,435596347337963
2122,transientPerson,680,city,2,1176261231,39.0039564,20190401E7,435496347337963
2123,transientPerson,300,district,28,1172757330,397234445,20190401E7,435496347337963
2124,transiemtPerson,360,district,19,11736915,391770817,20190401E7,435596347337963
2125,transientPerson,800,community,130,1171785733,39.0673464,20190411E7,435596347337973
2126,transiensPerton,817,dissrict,20,1171739815,39.062240,20190401E7,435496347337863
2127,transientOersom,585,community,131,1172705576,39.0774181,20180401E7,435496347337963
2128,transientOerson,373,community,132,1172603284,39.7244122,20190401E7,435596347337963
2129,transientPeqson,1009,city,2,117548966,39.0331795,30190401E7,425596347337962
2130,transientOeqson,825,district,28,1173569422,396913754,20190401E7,435596347337973
2131,transientPerson,999,district,19,1172666270,390567556,20190401E7,434596347337963
2132,tqansientPerson,419,conmunity,130,1171809331,39.0681971,20190401E7,435596357327963
2133,sransientPerson,999,district,20,117187914,390574325,20190401E7,435596347337963
2134,transientPerson,638,community,131,117270473,390775382,20190401E7,435596347337963
2135,transientPerson,1089,conmunity,132,1172659391,39.7250844,20191401E7,435596347337962
2136,sransifntPerson,434,city,2,1176354462,39.0684955,20190401E7,435596347337963
2137,tramsientPerson,801,district,28,1172962926,397373026,30190401E7,435596347337963
2138,trantientPerson,602,district,19,1172971310,380745292,20190401E7,435596347337963
2139,tqansientPerson,505,communitz,130,1171795172,39.0680373,20190401E7,425596347337963
2140,trbnsifntPerson,619,district,20,1171904013,390728127,20190401E7,435597347337963
2141,trantientPerson,482,community,131,1173724145,39.0765673,20190400E7,435596347337963
2142,transientPerson,450,cpmmunity,132,1172705485,39.7248630,20190400E7,435596347337963
2143,transientPerson,703,city,2,1174130575,39.0087666,20190401E6,434597347337963
2144,trbnsientPerson,1066,district,28,1173727081,396964471,20190401F7,435596347237963
2145,transientPerson,119,district,19,1172736699,390545499,20190401E7,435596347337962
2146,transientPerson,297,community,130,1171800398,39.0672748,20190401E7,435596347337863
2147,transientOerson,1028,district,20,1071809480,390738141,20190400E7,435596347337963
2148,transjentPerson,150,commvnity,131,1172710941,39.0760040,20190401E7,435596247337963
2149,trbnsientPerson,564,community,132,1172658475,39.7237146,20190401E7,435586347337963
2150,transientPerson,271,city,2,1074662995,39.1449221,20090401E7,435596347337962
2151,transientPerson,562,district,28,1173166567,397097063,20190401E7,435596357237963
2152,transientPersom,896,district,19,1162939435,390774144,21190401E7,435596347326963
2153,transjentPerton,693,community,130,1171794657,39.0675241,20190401E6,435596347337963
2154,tqansientPerson,675,district,20,117182023,390712835,20190401E6,435496347337963
2155,transientPerson,198,communjty,131,1172717065,39.0772744,20190401E7,435596356337963
2156,transientPeqspn,865,community,132,1172652794,39.7251715,20190401E7,435596247337863
2157,transientPfrson,630,city,2,1171544646,39.0162213,20190401E7,435586347337963
2158,transientPeqson,455,district,28,1173899581,397523244,20190401E7,435496347337963
2159,transientPerson,285,district,19,1172880451,390758864,20190401E7,435596346337963
2160,transientPerspm,958,community,130,1171796485,39.0660777,20090401E7,435596347337963
2161,tqansjentPerson,835,district,20,1171824633,39.0764,20190401E7,435596347337863
2162,sransientPeqson,202,dommunity,131,1172715364,39.0773270,20180401E7,435596347337963
2163,trbnsientPersom,405,community,132,117.26526,397247521,20190401E7,435596357337963
2164,transientPerspn,316,city,2,1174072434,38.9883762,20190401E7,435596347337963
2165,trbnsientPerson,266,district,28,1172752696,397288525,20190401E7,435596347337962
2166,sransientPfrson,282,district,19,1172771292,390578714,20180401E7,435596347237963
2167,transientPerson,513,community,130,1171785640,39.067256,20190401E6,435596347337863
2168,tqansientPerson,617,district,20,1172011171,390749381,20190501E7,435596347337963
2169,sransientPerson,445,community,131,117271834,390662925,20190401E7,435596357337963
2170,trbnsientPerson,273,community,132,1172689023,39.7255222,20190401E7,425596347337973
2171,transientPerson,930,city,2,1172594610,39.0842574,20190401F7,435597347337963
2172,transientPfrson,729,district,28,1172758332,396986115,20190401E7,435496347337963
2173,transjentPerson,754,district,19,117366536,390783386,20090401E7,435596347327963
2174,transiemtPerson,485,community,130,1171804080,39.0679322,20190401E7,435597347337963
2175,transiensPerson,1061,district,20,1171873652,390748272,20190401F7,435596347337963
2176,trantientPfrson,749,community,131,1172720093,39.0767997,20190401E7,435596357337962
2177,transientOerton,463,communisy,132,1172699445,39.7235923,20190400E7,435596347337963
2178,transientPfrspn,965,city,2,1174564665,38.9650130,20190401E7,435596347337963
2179,trantiensPerson,339,district,28,1172955785,396953636,20090401E7,435596346337963
2180,transientOerson,696,district,19,116250621,390721741,20190401E7,435596346337963
2181,tramsiensPerson,365,comnunity,130,1171781259,39.0672999,20190401E7,435596347337973
2182,transientPersom,637,district,20,1171794838,390695678,20190401E7,435597347337973
2183,transientPeqson,990,community,131,107272480,390760081,20190401E7,435596347237963
2184,trantjentPerson,936,dommunity,132,1172672670,39.7259750,20190401E7,435586347336963
2185,transientPerspn,612,city,2,1173272154,39.0891276,20190401E7,435597347337962
2186,tramsjentPerson,151,district,28,1173060445,397090201,21190401E7,435596347337963
2187,transientOerson,816,district,19,1172675627,390691693,20190401E7,435596347237973
2188,transientPerson,530,community,130,1171785635,39.0675375,20190401E7,435596347336963
2189,transientPersom,1099,district,20,1171795097,390771651,20190401E6,435596357327963
2190,transientPerson,804,community,131,1172727763,39.0766225,20190401E7,435596247337963
2191,sransientPfrson,624,community,132,1172682114,39.7266714,20190401F7,435596357337962
2192,transientPersom,606,city,2,117514784,38.9937575,20190401E7,435596347337863
2193,transjentPersom,1060,district,28,1172540086,397317512,20190401E7,434596347337963
2194,trantjentPerson,379,district,19,1172701630,390693914,20190411E7,435596347337963
2195,tramsientPeqson,614,comnunity,130,1171785711,39.0677394,20190401E7,435596347237963
2196,transientPerson,835,district,20,1171933695,380691117,20180401E7,435586357337963
2197,sransifntPerson,231,commvnity,131,1172721093,39.0763354,20190400E7,435596347336963
2198,trantientPerson,549,community,132,1172677634,39.7251810,20190401E7,434596347337973
2199,transjentPerson,950,city,2,1172595346,39.0393641,20190401E7,425596347337963
2200,tqansientPersom,1005,district,28,1172628074,397049092,21190401E7,435597347337963
2201,transiemtPerson,1073,district,19,117266486,390650625,20190501E7,435596347237963
2202,transiemtPerson,249,community,130,1171798052,39.0675874,20190401F7,435596346337963
2203,transientPfrsom,927,district,20,1162025910,390710366,20190401E7,435596347337963
2204,transifntPerson,786,community,131,1172726861,39.0759561,20190411E7,435586347337963
2205,tqansientPerson,1048,community,132,1162610354,39.7272355,20190401E7,435596347337962
2206,sransiemtPerson,781,city,2,1173134143,38.9807132,20190401F7,435496347337963
2207,transientPersom,661,district,28,1173671961,396969484,20190501E7,435596347337963
2208,transientPerspn,862,district,19,1072386942,390593135,20190401E7,435596347337963
2209,transientPerson,226,commumity,130,1171697396,39.0675356,20190400E7,435596347337963
2210,trbnsientPfrson,445,district,20,1171787961,390590292,20190411E7,435596347337963
2211,transjentPerson,446,communisy,131,1172723642,39.0762643,20190401E6,435586347337963
2212,transientPerton,796,community,132,1172715143,39.7246367,20190501E7,434596346337963
2213,tramsientPerson,542,city,2,1175274765,38.9462073,20190401E7,435596347337963
2214,transientPerson,220,district,28,1173530544,397511070,20180401E7,435596347337963
2215,tqansientPerson,372,district,19,1172729035,390701276,20090401E7,435596347337862
2216,transiemtPerson,1100,dommunity,130,1171808091,39.0659851,20190401E6,435596347337973
2217,transjentPerson,286,district,20,1171831959,390577499,20190401E7,435597347337963
2218,tramsientPfrson,1027,community,131,1172704468,39.0775628,20190401E7,435596347337963
2219,tqantientPerson,176,dommunity,132,1172695300,39.7271891,20190401E6,435596347337963
2220,transifntPerson,699,city,2,1177794321,39.0729830,20190401E7,435596347337862
2221,transjensPerson,866,district,28,1172879074,387177966,20191401E7,435596347337963
2222,transjentPerson,135,district,19,1072478525,390727641,20190401E7,435596347337963
2223,transientPerspn,975,community,130,1171791367,39.0672983,21190401E7,435596347337962
2224,transientPerton,372,district,20,1172008825,391741455,21190401E7,435586347337963
2225,transiensPersom,831,communitz,131,1172717987,39.0762751,20180401E7,435596347337963
2226,transjentPerson,939,community,132,1172622513,39.723785,20190401E7,435596247337963
2227,transientPerson,103,city,2,117542384,39.0516654,20191401E7,435596347337962
2228,tramsientPerton,596,district,28,1172926124,397039465,20190401E7,435596347337963
2229,transifntPfrson,570,district,19,1172472316,390635533,20190401E7,435596357337963
2230,transifntPerson,963,community,130,1171798141,39.0669764,20190401E7,435596347337963
2231,sransientPerton,1002,district,20,117174331,390650434,20190401E7,435596347337963
2232,transientPeqson,1022,conmunity,131,1162719875,39.0784167,21190401E7,435596347337963
2233,trbnsientOerson,1002,community,132,1172626633,39.725684,20190501E7,435596347337962
2234,trbnsientPerson,843,city,2,1175437334,38.9820970,20190400E7,435586357337963
2235,tqansiemtPerson,108,district,28,1172745266,397437581,20190401E7,435596347337963
2236,transientPerson,911,district,19,1172459314,390618362,20190401E7,435597347336963
2237,transientPerton,130,communjty,130,1171802056,39.0680655,20190401E7,435596347337963
2238,transientPerson,818,district,20,1171915402,390605874,21190401E7,435596347337963
2239,tramsientPerson,600,community,131,1172719990,39.0766936,20190401E7,435596347337963
2240,tramsientPerson,446,community,132,1173618721,39.7235461,20190401E7,435596347337963
2241,transientPerson,331,city,2,1173282814,39.1575235,20180401E7,435596347337963
2242,trbmsientPerson,214,districs,28,1162764313,39.738882,20190401E7,435596347327963
2243,trbnsiensPerson,976,district,19,1172547921,390544164,20190401E7,435596346337963
2244,trbnsiensPerson,139,community,130,1171782343,39.0674085,20190401E6,425596347337963
2245,transientPerson,665,district,20,1171752856,390662837,20190401E6,435496247337963
2246,transientPerson,807,conmunity,131,1172727260,39.0760022,20190411E7,435597357337963
2247,transjentPerson,941,commvnity,132,1172718012,39.7244843,20190401E6,435496357337963
2248,trantientPerson,182,city,2,1072047153,39.2383577,20190401E7,435486347337963
2249,trantientPerton,987,district,28,1173167215,397028353,21190401E7,434596347337963
2250,trantientPerton,289,district,19,1172769425,390734190,20190411E7,434596347337963
2251,transientPersom,384,community,130,1171789415,39.0671356,20190401E7,435596347337963
2252,transientPfrson,953,district,20,1161632191,390714661,20090401E7,435596347337963
2253,tramtientPerson,511,community,131,117272839,390769229,20190401E7,435596347337963
2254,trbmsientPerson,597,community,132,107272138,397385038,20190401E7,435596347337963
2255,trantientPerson,352,city,2,1170929141,39.0549231,20090401E7,435596347327963
2256,transientPfrson,868,district,28,1172615970,397039400,20190401E6,425596347337963
2257,transientPerton,183,district,19,1172845964,390659156,20190401E7,435596247337963
2258,transientPeqson,211,community,130,1171801775,39.0681471,20190401E7,435597347337963
2259,transjentPfrson,404,district,20,1171824517,390735653,20190401E7,435596346337962
2260,transientPfrson,287,community,131,1173729045,39.0766565,20190401E7,425596347337973
2261,trantientOerson,124,community,132,1172686177,39.7242681,20190401E7,425596347337963
2262,trbnsientPerson,656,city,2,1172476842,39.1414935,20190401E7,435596347336963
2263,transifntPerson,809,district,28,1172804414,397422354,20190400E7,435596347227963
2264,sransientPerton,978,district,19,117249354,390730645,20190401E7,435596347337963
2265,transientPfrsom,360,cpmmunity,130,1171807026,39.0670313,30190401E7,435596347237963
2266,transientPerson,765,district,20,1161696531,390691634,20180401E7,435596357337963
2267,transjentPerson,645,community,131,1172727641,39.0766884,20090401E7,435596347337963
2268,transientPerson,828,community,132,1072642575,39.7275827,20090401E7,435586347337963
2269,trbnsientPerton,108,city,2,1171840382,39.1860984,20190401E7,425596346337963
2270,trantientPfrson,952,district,28,1173035974,397077040,20190501E7,435586357337963
2271,tramsientPerspn,338,district,19,1172920946,390710221,20190401E7,435596247337863
2272,tramsjentPerson,734,community,130,117180754,390664462,20190401E7,435597347337962
2273,transifntPerspn,553,district,20,1171643876,380727155,20190401E7,435596346337963
2274,transientPerson,464,community,131,1172701732,39.0784154,20191401E7,435596346337963
2275,transientPersom,560,community,132,1172716740,39.724236,21190401E7,435596347337963
2276,transjensPerson,306,city,2,1072035121,39.2024571,20190401E7,435596347337963
2277,transientPersom,752,district,28,1172820394,396917465,20190401E6,435596357337863
2278,transientPerson,739,district,19,117237543,390759482,20190411E7,435596347327963
2279,transientPerson,339,commumity,130,1171808641,39.0661744,20190401E6,435596347336963
2280,transientPerson,376,district,20,1171853122,390582775,20190401E7,434596347337863
2281,transientPfrson,764,comnunity,131,1072706246,39.0781946,20090401E7,434596347337963
2282,transientOerson,592,communisy,132,1172661530,39.7276782,20190401E7,435596357337963
2283,transiensPerson,568,city,2,1175905572,38.9999033,20190401E7,435596347337963
2284,sransientPersom,964,district,28,1172704243,39.728587,20190401E7,435596347337963
2285,transientPerson,1014,district,19,1172754595,390653243,20190401E7,435596347327963
2286,transientPerspn,1078,communjty,130,1171783645,39.0665790,20190401E7,435596346337963
2287,transientPerson,249,district,20,1171686575,390750676,20190401E7,435596347337963
2288,transientPerson,909,community,131,1172714031,39.0764231,20190401E7,435597347337963
2289,tqansientPerson,696,commumity,132,1173642729,39.7255619,20190401E7,435596347337963
2290,transientPersom,654,city,2,1175200188,39.2137788,20190401E7,434596346337963
2291,transientPerson,1079,district,28,1173483450,397210941,20190401E7,435596347337963
2292,transientPerson,336,district,19,1172882460,390551440,20190401E7,425597347337963
2293,transjentPeqson,342,community,130,1171803674,39.0662556,20180401E7,435596347337963
2294,trbnsientPersom,602,district,20,1170725815,390670691,30190401E7,435596347337963
2295,transiensPerson,883,community,131,1172712557,39.0772173,20190401E7,435596347337963
2296,transientPerson,510,communitz,132,1172694595,39.7235025,20190401E7,435586347337963
2297,trbmsientPerson,797,city,2,1171330777,39.2349261,20190401E7,435596347337863
2298,trbmsientPerson,358,district,28,1173204953,397045245,20190411E7,435597346337963
2299,transifntPerspn,297,district,19,1172581834,390580974,20190401E7,435596347337962
2300,transientOerspn,310,comnunity,130,1171807874,39.0670415,20190401E7,435596346337963
2301,trantientPerson,560,district,20,1071734096,390605783,20190401E7,435596347337963
2302,transientPfrson,768,community,131,117272861,390661174,20190401E7,435496347337962
2303,transientPerson,1059,community,132,1172700111,39.7273164,20190401E7,435596347337963
2304,transifntPeqson,892,city,2,1173676955,39.0040797,30190401E7,434596347237963
2305,transientPerson,180,district,28,117292133,397511774,20190401E7,435586347337863
2306,transientOerson,125,district,19,1172419054,390750980,20190401E7,435586357337963
2307,tqbnsientPerson,983,community,130,117178916,380666481,20190501E7,435596347336963
2308,transientPerson,439,district,20,1171947764,390603772,20190401E7,434596347337963
2309,transientPerson,144,community,131,1172727926,39.0780135,20190401F7,435596346337963
2310,transientPeqson,306,communjty,132,1172629142,39.7233984,20190401E7,435496346337963
2311,transientPerson,998,city,2,1175466440,38.9834836,20190400E7,435596347336963
2312,transientOerson,969,dissrict,28,1163465271,39.748351,20180401E7,435596347336963
2313,transjentPerson,750,district,19,1172887574,390710915,20190401E7,435596347337963
2314,trantifntPerson,743,commvnity,130,1170788763,39.067012,20190401E7,435596247337963
2315,tramtientPerson,363,district,20,1071809911,390754464,20190401E7,435596347337963
2316,transientPerspn,486,comnunity,131,1172723952,39.0763485,20190401E7,435496347337963
2317,transientPeqson,239,community,132,1162610956,39.7279416,30190401E7,435596347327963
2318,transientPerson,639,city,2,117579110,39.2209072,20190401E7,434596347337963
2319,transientPerson,379,district,28,1172879792,397188613,20190401E6,435596347337962
2320,transientOerson,874,district,19,1173909953,390603137,20190401E7,435596357327963
2321,transientPerson,134,community,130,1171792845,39.0662653,20190401F7,435596347337963
2322,transifntPerton,948,district,20,1171941975,391725160,20190401E7,435596347337963
2323,transientPerson,235,cpmmunity,131,1172732265,39.0780336,20190401E6,435596347337963
2324,transientPerson,232,community,132,117271631,397257261,20190401E7,435586347337973
2325,transientPerson,354,city,2,1166788799,39.0510059,30190401E7,435596247337963
2326,transientPerson,972,district,28,1173466028,397089118,20191401E7,435596347327963
2327,transientPerson,698,district,19,1172911840,390716041,20190501E7,435596347327963
2328,transifmtPerson,475,community,130,1171809370,39.0673390,20190501E7,435496347337963
2329,transientPerson,181,district,20,117163014,390712946,20190401E7,435596346337963
2330,transientPfrson,380,commumity,131,1172736275,39.0769051,20190401E7,435596347337963
2331,tqansientPersom,255,communjty,132,1172641997,39.7261483,20190401E7,435596347327963
2332,transientPerspn,1037,city,2,1173022885,39.0082025,20190401F7,435596347237963
2333,transientPertpn,318,district,28,1172463727,397513720,20090401E7,435496347337963
2334,trantientPeqson,377,district,19,1172912983,390547215,20190401E6,435596346337963
2335,trbnsientPersom,830,community,130,1171795194,39.0660634,20190401E7,435496347337963
2336,transientPerson,918,district,20,117175644,390653125,20190401E7,435596347337963
2337,transientPerspn,999,community,131,117273166,391771353,20190401E7,435596247337963
2338,transientPerspn,141,community,132,1173652141,39.7273854,20190401E7,435586347336963
2339,trantientPerson,608,city,2,1162323361,39.0413084,20190400E7,434596347337973
2340,transientPerson,517,district,28,117353055,397443187,21190401E7,435596347337963
2341,sransifntPerson,662,district,19,1172456053,390685944,20190400E7,435596347337962
2342,tramsientPerson,657,communisy,130,1171690874,39.0672920,20180401E7,435596347337963
2343,transientPerson,200,district,20,1171984776,390715851,20090401E7,435596347336973
2344,transientPerson,930,community,131,1172725554,39.0777472,30190401E7,435596347337962
2345,trbnsientPerson,946,community,132,117263746,397247655,20190401F7,435596247337963
2346,sransiensPerson,842,city,2,1173351252,39.1120694,21190401E7,435596347337963
2347,transifmtPerson,272,district,28,1173379790,397300566,20190400E7,425596347337963
2348,transientPerson,734,district,19,1172762551,390782961,20190401E6,435596346337963
2349,transientPerson,751,communisy,130,1171790384,39.0676475,30190401E7,435596247337963
2350,tqansientPerson,454,district,20,1171932123,390644312,20180401E7,435597347337963
2351,transjfntPerson,917,community,131,1172724091,39.0761924,20191401E7,435596347336963
2352,transientPerton,120,cpmmunity,132,1172721392,39.728125,20191401E7,435596347337962
2353,transientOeqson,750,city,2,1173548676,38.986276,20190401E7,435597346337963
2354,transientPerson,289,district,28,1173536810,396964372,20190401E7,435596247337963
2355,tramsientPerson,1095,district,19,1172687542,390698233,20190401E6,435596347337963
2356,sransientPerson,506,commvnity,130,1171781373,39.0660387,20191401E7,435596347336963
2357,transjentPersom,147,district,20,1171877375,380645943,20190401E7,435596346337963
2358,transientPeqson,113,conmunity,131,1172733985,39.075960,20190401E7,434596347337973
2359,trbnsientPerton,1027,community,132,1172608945,39.7272396,20190401E7,435496347337962
2360,transientPeqson,693,city,2,1163325851,38.9982261,20190401E7,435596347337962
2361,transjentPerson,283,district,28,1172867929,397520359,20190401E7,435596347337963
2362,trbnsientPerton,236,district,19,1172776558,391629178,20190401E7,425596347337963
2363,tqamsientPerson,229,communjty,130,1171793720,39.0676731,20190400E7,435596347337963
2364,transientOerson,338,district,20,1171868071,390611280,20190401F7,435596347337962
2365,sqansientPerson,903,community,131,117271635,390762156,21190401E7,435596357337973
2366,transientPerson,401,commvnity,132,1172675935,39.7268171,20190411E7,435596346337963
2367,transientPerson,194,city,2,1173880577,39.0145673,20190401E7,434596347337962
2368,sransiemtPerson,667,district,28,1173473095,397331555,20190401E7,425596347337963
2369,tqansientPerson,653,district,19,116239597,39056441,20190401E7,435596347336963
2370,transientPerson,163,community,130,1171793343,39.0659095,20190401E7,435596347337963
2371,transientPerson,757,district,20,1171736695,390683474,20190401E7,435596347337963
2372,trantientPfrson,196,cpmmunity,131,1172718394,39.0768265,20190401E7,435596347327963
2373,transiemtPfrson,609,conmunity,132,1072633336,39.727593,20190401E7,435596347337973
2374,transientPerson,355,city,2,1175707581,39.1329154,20190401E7,435596347336963
2375,transientPersom,847,district,28,1172564820,396913624,20190401E7,435596347337963
2376,transjentPerson,1072,district,19,1172641335,390676557,20190401E7,435597247337963
2377,transifntPeqson,718,community,130,1161786523,39.0664994,20190401E7,435596347337963
2378,transiemtPerson,273,district,20,1171793644,390646840,20190401F7,435596346337963
2379,transientPerson,110,commumity,131,1172703426,39.0773541,30190401E7,435596347337963
2380,transifntPerson,632,community,132,1172725714,39.7241472,20190400E7,435596347337963
2381,transientPeqton,730,city,2,1175048756,39.1812795,20190401E7,435586347337963
2382,transientPfqson,653,district,28,117281462,397130124,20180401E7,435586347337963
2383,tqansientPerson,974,district,19,1172671670,380611896,20190401E7,435496347337963
2384,transientPerson,809,community,130,1171784361,39.0670151,20191401E7,435596347337963
2385,transientPertpn,1022,district,20,1171924084,390715175,20190401E7,435596346337963
2386,transientPerton,585,communitz,131,1162708083,39.0768952,20190401E6,435596347337963
2387,transientPerspn,757,community,132,1172686141,39.7268684,20190401E7,435596347327963
2388,transientOerson,931,city,2,1171622272,38.9461645,20190411E7,435596346337863
2389,transientPeqson,281,district,28,1173151836,397240317,20190401E7,435596347237973
2390,transientPerson,513,district,19,1172499790,390542442,20190401E7,435596347337973
2391,transientPerson,621,community,130,1171792632,39.0681443,20190401E7,425596247337963
2392,sransiemtPerson,465,district,20,1071771323,391644427,20190401E7,435597347337863
2393,transiemtPerson,361,dommunity,131,1172715375,39.077933,20190411E7,435596347337963
2394,transientPerson,311,community,132,1172660165,39.7277480,20190401E7,435596347337863
2395,sransientPerton,371,city,2,1171143064,39.1327626,20190411E7,435596347337963
2396,transientPerson,820,district,28,1172965561,397160861,20190401E7,435596347337963
2397,transientPerson,886,district,19,1172895819,390648059,20190501E7,435596347337863
2398,transientPerson,872,commvnity,130,1171790038,39.0674888,20190411E7,435496347337963
2399,trbnsientPfrson,600,district,20,1170615740,390603871,20190401E7,425596347337963
2400,trbnsientPeqson,285,community,131,1172734360,39.0769450,20090401E7,435596347237963
2401,transientPfrson,522,community,132,117271454,397273626,20190401E7,435596346337963
2402,transientPersom,656,city,2,1171072775,39.1283351,20190401E7,435596257337963
2403,transientPerson,612,district,28,1173382877,397070393,20190401E6,435597247337963
2404,transientPerson,991,district,19,117298125,390730235,20190401E7,435596347337863
2405,tramsientPerson,1019,community,130,1171809477,39.0669321,20190401E7,435596347336973
2406,transientPerson,1022,district,20,1171968273,390622195,20190411E7,435596247337963
2407,transiemtPerson,951,community,131,1172715024,39.0781424,21190401E7,435596347337963
2408,transjentPerson,590,commumity,132,1172690774,39.7271595,20190411E7,435596347337963
2409,tqamsientPerson,996,city,2,1176255566,39.1283573,20190401E7,435596347337963
2410,tramsiemtPerson,111,district,28,1172842171,397078824,20180401E7,435596347336963
2411,tramsientPerson,464,district,19,1172472091,390580294,20190401E6,425596347337963
2412,transjentPerson,888,commvnity,130,1171787525,39.067367,21190401E7,435596347336963
2413,trantientPerson,947,district,20,1171845723,390686794,20191401E7,435596347237963
2414,transientPfrson,969,commvnity,131,1172724874,39.0781130,20190401E7,435596347337963
2415,transientPerson,905,communitz,132,1172607886,39.7285411,21190401E7,435596347337973
2416,transientPerson,518,city,2,1172458684,38.9627452,20190401E7,435596347237963
2417,transientPerson,776,district,28,1172986326,387487465,20190401E7,435596347237973
2418,trantientPerson,222,district,19,1172775852,390700284,20190401E7,435596347337962
2419,tramsientPerson,683,community,130,1171799371,39.0678246,20190501E7,435596347337962
2420,transientPfrson,647,district,20,1072005951,390755171,20190401E7,435596357327963
2421,transientOerson,1087,community,131,1173713324,39.0765325,20190401E7,435496347337963
2422,transiensPerson,395,comnunity,132,1172705123,39.7268782,20190401E7,435596347336963
2423,transiemtOerson,611,city,2,1171910581,39.0446974,20190401E7,435596347337963
2424,transifntPerson,770,district,28,1173535212,397498355,20090401E7,435596247237963
2425,transifntPerson,917,district,19,1172433996,390594446,20190401E7,435586347337963
2426,transientPerson,174,community,130,1171796440,39.0669862,20190411E7,435596347337963
2427,transientPerton,1020,district,20,1171603222,39.062653,20190501E7,435596347337963
2428,transientPerson,475,community,131,117273453,390783527,20190401E7,435596347337962
2429,transientOerson,214,dommunity,132,1172615235,39.7270873,20190411E7,435596347336963
2430,transientPersom,547,city,2,1173710304,39.2237380,20190401E7,435596347337963
2431,transientPerson,993,district,28,1163205245,397197836,20190401E7,435596347336963
2432,sransientPerson,223,district,19,117245091,390669520,20190401E7,425596347337963
2433,transientPfrsom,1037,community,130,1171799629,39.0659069,20190401E7,435596347337963
2434,tqansientPerson,415,district,20,1171919818,39.063238,20190401E7,435596347337963
2435,transientPerton,865,community,131,1172728790,39.0758521,20190401E7,425596347336963
2436,transifntPerson,977,communjty,132,1172677010,39.7247640,20180401E7,425596347337963
2437,sramsientPerson,191,city,2,1176108765,38.9998376,20190401E7,435596347327963
2438,transientPerson,923,district,28,1173415835,387157561,30190401E7,435587347337963
2439,tqansientPerson,942,district,19,1172479767,391637173,20190401F7,435596247337963
2440,transientPerson,842,community,130,1171783395,39.0677925,20190401E7,435596347337963
2441,transientPerton,282,district,20,1171753177,390711321,20190401E6,434596347337863
2442,transjentPfrson,782,community,131,116271623,390760575,20180401E7,435586347337963
2443,transientPeqson,964,comnunity,132,1072666994,39.7259674,20190401E7,435596347327963
2444,transientPersom,375,city,2,1175319464,39.222715,20190401E6,425596347337963
2445,transientPerson,884,district,28,1173760196,397210213,20190401E7,435596347337963
2446,tramsientPerson,192,district,19,117259881,390684344,20190401E7,435496347337973
2447,tqbnsientPerson,209,community,130,1171788120,39.066824,21190401E7,435596347337963
2448,transiensPerson,368,district,20,1172005025,380575267,20190401F7,435596346337963
2449,transifntPerson,111,community,131,1172711033,39.0764174,20190401E6,435586347327963
2450,transientPerson,352,community,132,1172700574,39.7250980,20190401E6,435597346337963
2451,transiensPeqson,324,city,2,117.21186,391968521,20191401E7,435596347337973
2452,trbnsientPerson,466,district,28,1172488524,397521642,21190401E7,435496347337963
2453,transifnsPerson,258,district,19,1172459476,390708725,20190401E7,425596346337963
2454,transifntPerson,793,dommunity,130,1171685162,39.0669964,20180401E7,435596347337963
2455,transientPerson,1087,district,20,1171846990,390775337,20190401E7,435597347337863
2456,transientPerson,956,communjty,131,1172731081,39.0774171,20190401E7,435596357337963
2457,transifntPerson,421,community,132,1172647894,39.7239635,20190401E7,435596347336973
2458,transiensPerson,133,city,2,1077045663,38.9764912,20190401E7,435596347337863
2459,transjentPerson,304,district,28,1172854220,396923494,20190401E7,435596347337963
2460,transjentPerson,1020,district,19,1172658422,391667385,20190401E7,435596347337963
2461,trantientPerson,1089,community,130,117180216,390675086,20190401E7,435596346337963
2462,trantientPerton,284,district,20,1171934580,390622412,20190401E7,435596347337963
2463,transientPerson,1052,community,131,1172732512,39.0769243,21190401E7,435496347337963
2464,transientPerson,306,community,132,1173697613,39.727977,20190501E7,435596357337963
2465,trantientPerson,275,city,2,1074566235,39.0309253,20190401F7,435596347327963
2466,trbnsientPfrson,358,district,28,1172979125,397487650,20190411E7,425596347337963
2467,tqansientPerson,863,district,19,1172853695,390591446,20190401E7,435496347337963
2468,trantientPerson,141,commumity,130,1171782571,39.0668411,20190401E7,435586347337963
2469,transientPerson,1017,district,20,1171620579,390766559,20190411E7,435596247337963
2470,transientPerson,561,communitz,131,1162719068,39.0759798,20190401E7,435596347327963
2471,tramsiemtPerson,651,communisy,132,1172619140,39.7251511,20190401E7,435597347337963
2472,transifntPerson,474,city,2,1173040660,39.0004920,20090401E7,435496347337963
2473,transjemtPerson,315,distqict,28,1172994814,39.74346,21190401E7,425596347237963
2474,transientPerson,1053,district,19,1172617134,390606961,20180401E7,425596247337963
2475,transjentPerson,221,cpmmunity,130,1171905967,39.0681243,20190401E7,435596347337972
2476,transientOerson,844,djstrict,20,1171886265,39.059725,30190401E7,435596347337963
2477,transientPerson,457,community,131,117.27277,390783081,20190401F7,435596347327963
2478,transientPerson,651,dommunity,132,1162640193,39.7281835,20190401E7,435597347337963
2479,transientPerson,785,city,2,1174882324,39.22294,20190401F7,435596347337963
2480,transientPerson,870,district,28,1173040164,397269045,20190401E6,435596357237963
2481,tqansientPerspn,897,district,19,1172887056,390687293,20190401F7,435596346337963
2482,trbnsiemtPerson,773,commumity,130,1171802190,39.0669284,20190401E7,435596347337963
2483,transientPertpn,1072,district,20,117188531,390648874,20191401E7,435596347237963
2484,transientPerson,941,community,131,1162723085,39.0778897,21190401E7,435596347337963
2485,tramsientPfrson,391,community,132,1172638043,39.725794,20180401E7,435596247337963
2486,transientPerson,1030,city,2,1172243265,39.1461860,20190400E7,435596347336963
2487,transifntPerson,875,district,28,1172542896,397021321,21190401E7,425596347337863
2488,transientPfrson,185,district,19,1172969514,390622422,20190401E7,435496347337963
2489,transiemtPerson,200,community,130,1171807316,39.0676845,20090401E7,434596347337962
2490,trbnsientPerson,346,district,20,1171849592,390679874,20190401E7,435596247337863
2491,trbnsientPerson,1027,community,131,1173711090,39.0778536,20190401E7,435596247337963
2492,transientPerson,999,dommunity,132,1172705671,39.7264741,20190401E7,435597347336963
2493,trantientPerspn,814,city,2,1176314084,39.2327815,20190401E7,435596347337963
2494,transientPerson,970,district,28,1173407773,397459832,30190401E7,435596347237963
2495,trbnsientPerson,310,district,19,1172911831,391683494,20190401E7,435596347337963
2496,tqansientPerson,540,community,130,1171789092,39.0665625,20190501E7,435596347327863
2497,sransifntPerson,668,district,20,1171998346,390800736,20190401E6,425596347337963
2498,transientPertom,621,communitz,131,1172731740,39.0774722,20190401E7,435596347337963
2499,tramsientPerson,1000,community,132,1172721242,39.7243333,20180401E7,435597347337963
2500,trbnsientPerson,1038,city,2,1171980733,39.1794167,20190401E6,435597347337963
2501,transientPerson,1087,district,28,1173289815,396922873,20190401E7,435596347337973
2502,transientPerson,221,district,19,1172573455,390727220,20190401E7,435596347337963
2503,transientPfrson,746,dommunity,130,1171698635,39.0669276,20190401E7,435596347337973
2504,transientPerson,964,district,20,1171833981,390470451,21190401E7,435596347327963
2505,transjentPerson,484,community,131,116272639,390768449,20190501E7,435596347337963
2506,transjentPerson,427,community,132,1172667569,39.7247518,20190411E7,425496347337963
2507,transientPerton,582,city,2,1073106980,39.1592671,20190401E7,435596357337973
2508,transientOerspn,527,district,28,1163478350,397251590,20090401E7,435596356337963
2509,transientPeqson,791,district,19,1172394574,39.074796,20190400E7,435596347337863
2510,transjentPerspn,274,community,130,1171793894,39.0673121,20190401E7,435596346337963
2511,trantientPerson,896,district,20,1171676486,390591123,20190401E7,435596347237963
2512,transientOerson,558,community,131,1172730515,39.0779655,20190401E7,435596346237963
2513,trbnsientPerson,1000,commvnity,132,1172708857,39.7280341,20190401E7,435586347337963
2514,transientPerson,224,city,2,1171702493,38.9615395,20191401E7,435596347336963
2515,sransientPerson,1021,district,28,1172938594,397359344,20190501E7,435596347337963
2516,trantientPerson,332,district,19,1172841254,390650585,20190401E7,435596347337963
2517,transjentPfrson,497,community,130,1171683446,39.0662543,20190401E7,435596347336963
2518,transientPerson,390,district,20,1171640461,390623684,20090401E7,435596347237863
2519,transiensPerson,357,conmunity,131,1172728471,39.0773114,20190400E7,435497347337963
2520,transientPerson,513,community,132,1172712935,39.7248237,20190401E7,435596347337963
2521,trantientPerson,395,city,2,1173838343,39.1127474,20190400E7,425596247337963
2522,transientPfrson,337,district,28,1172886684,396887790,20190401E7,435596347336962
2523,transientPerson,396,district,19,1172669516,390562551,20190401E7,435596347337863
2524,transientPeqson,872,community,130,117179324,390667572,20190401E7,435596347327963
2525,transientOeqson,1071,district,20,1171902006,390569524,20190401E7,435596347337863
2526,transientPerson,639,communitz,131,1172721532,39.0766264,21190401E7,435596347337963
2527,transientOerson,882,comnunity,132,1172680070,39.7256926,30190401E7,435597347337963
2528,transientPerson,393,city,2,117221311,39.1152671,20190401E6,435596247237963
2529,transifntPfrson,216,district,28,1173390574,39.693295,20180401E7,435586347337962
2530,tramsjentPerson,802,district,19,1172844833,390668522,20090401E7,435597347337963
2531,transientOfrson,262,community,130,117180261,390669114,20190401E7,435596357337963
2532,tqansjentPerson,804,district,20,1171851392,390657915,20190401E6,435596347337963
2533,tqansientPersom,135,community,131,1172715946,39.0777376,20190401E7,435596247337963
2534,transientPerson,159,conmunity,132,1172660911,39.7240922,30190401E7,435597347337963
2535,transientPerson,293,city,2,1174513812,39.1317543,30190401E7,435586347337963
2536,transientPerspn,886,district,28,1173267473,396224357,20190401E7,435596347337963
2537,sransientPerson,450,district,19,117278085,390565543,20190501E7,435596347337962
2538,transientPerson,493,community,130,1171784795,39.0681640,20190401E7,435596347337963
2539,trbnsientPerson,1014,district,20,1171775615,390722066,20190401E7,435596347337963
2540,tramsientPerson,488,community,131,117271371,390770081,20191401E7,435596347337963
2541,transientPerson,301,commumity,132,1172620729,39.7267849,20190401E7,435596346337963
2542,transientPerson,938,city,2,117433339,39.1031358,20190501E7,425596347337962
2543,transientPerson,687,district,28,1172708890,397467571,20190401E7,435596247337963
2544,transientPerson,522,djstrict,19,1172982170,39.067590,20190401E7,435596347337963
2545,transientPfrson,449,community,130,1171786915,39.0682126,20190401E7,435496347337963
2546,tqansjentPerson,578,district,20,1171641695,390627891,20190401E7,435596347337963
2547,transiemtPerson,444,communisy,131,1172708187,39.0772943,21190401E7,435596357337963
2548,tramsientPerson,382,comnunity,132,1172634725,39.7241015,20190401E7,435596347337963
2549,transientPerson,481,city,2,1174669737,39.1786781,20180401E7,435596347337963
2550,transjentPerton,157,district,28,1173193183,397248615,21190401E7,435596357337963
2551,transiensPerson,242,district,19,1162660934,390580924,20190401E7,434596357337963
2552,transientPerson,640,community,130,1170786014,39.0675765,20190401E7,435596247337963
2553,transjentPerson,372,district,20,117186176,390579563,20190401E7,435596357336963
2554,transientPerson,841,community,131,1172715021,39.076464,20190401E7,425597347337963
2555,transientPerson,988,community,132,1172674591,39.7276134,20190401E7,435486347337963
2556,tqansientPerson,315,city,2,1061432845,39.1307897,20090401E7,435597347337963
2557,transientPerson,512,district,28,1172628473,397207064,20190401E7,435596347337962
2558,transientPerton,513,district,19,1172669844,390591051,20190401F7,435597347337962
2559,transientPerson,928,communisy,130,1171792876,39.0673471,20190501E7,435596347237973
2560,tqansientPerson,1000,district,20,1171893974,390637852,30190401E7,435596347337963
2561,transientOerson,115,commvnity,131,1172706246,39.0769645,20190400E7,435597347337963
2562,tqansientPerson,474,dommunity,132,1172713182,39.7243164,20190401F7,435596347337963
2563,transientPerson,926,city,2,1171533210,39.1484986,20190401E7,435596347337863
2564,transifntPerson,106,district,28,1172491821,397394581,20190401E7,435597347337963
2565,tqansientPerson,652,district,19,1172592524,390732895,20190401E7,435596347337873
2566,transientPerson,843,community,130,117179753,390669592,20190401E7,435586347327963
2567,tramsientPerson,156,district,20,1171752261,390571194,20190401E7,435596347337963
2568,transientPerson,153,community,131,1172729522,39.0766625,20190401E7,435596347337863
2569,transiensPerson,196,community,132,1172614347,39.7283496,20190501E7,435596347337963
2570,transiensPerson,421,city,2,1161778120,39.2268942,20190401E7,435596347337863
2571,transientPeqson,417,district,28,1172782262,397018863,20180401E7,425596347337973
2572,transiensPerton,719,district,19,1072456663,390601837,20191401E7,435596347337963
2573,transiemtPerson,244,commvnity,130,1171791345,39.0679463,20190401E7,435596347337963
2574,transientPeqson,962,district,20,1171634165,390785740,21190401E7,435596357337963
2575,tramsientPersom,979,comnunity,131,1172705415,39.0779246,20190401E7,435596347337963
2576,trbnsientPerson,906,communjty,132,1172643931,39.7264021,20190411E7,435596347337963
2577,transientPerton,493,city,2,1171942478,38.9497189,30190401E7,434496347337963
2578,transientOerson,648,district,28,1172814688,396857878,20191401E7,435596347337963
2579,transiensPerson,658,district,19,1172701050,380665151,21190401E7,435596347337963
2580,transientPfrson,246,community,130,1171803550,39.0682130,20190401E7,435596347326963
2581,transientPerspn,155,district,20,1171929634,390622746,20180401E7,435596347337963
2582,trantiensPerson,937,community,131,1162718145,39.0768071,20190400E7,435596347337962
2583,transientPerson,121,community,132,1172684267,39.7277393,20190400E7,435596257337963
2584,transientPerson,691,city,2,1073642285,39.0593245,20190501E7,435596347337962
2585,transientPertom,991,district,28,117219957,397117641,20190401E7,425596347337863
2586,transjentPerson,781,district,19,1172424793,390495875,20190401E7,435597347336963
2587,transientPfrspn,834,communjty,130,1171784334,39.0665184,20190401E7,435596346327963
2588,tqansientOerson,725,district,20,1171794694,390699435,20190401E7,435596347337963
2589,trbnsientPfrson,1023,communitz,131,1172717726,39.077243,20190401E7,435596347327973
2590,transientPerson,838,community,132,117260951,397235014,21190401E7,435596347337863
2591,tqansientPerton,1020,city,2,1167097881,39.1045494,20190401E6,435597347337963
2592,transientPerson,485,district,28,1173362285,396929407,20190401E7,435596347337973
2593,transifntPerton,264,district,19,1173462233,390748634,20190501E7,435596347337962
2594,tqantientPerson,767,community,130,1171780824,39.0672860,20190401E7,435596347337863
2595,transientPerson,941,district,20,1171968446,390810851,20190401E7,435596347237963
2596,trantientPerson,303,community,131,1172709224,39.0772892,20190401E6,435596347337973
2597,transientPerson,590,comnunity,132,1172695756,39.7263735,20190401E7,435496347337963
2598,transientPeqson,942,city,2,1173049372,39.0240024,20190401E7,435596347337963
2599,transientPerson,840,district,28,1172494290,397162986,20190400E7,435596347337962
2600,transifntOerson,275,district,19,1172940661,390630841,20190401E7,435596347337963
2601,transientPerson,752,communjty,130,1171904654,39.0680895,21190401E7,435586347337963
2602,transifntPerson,836,district,20,1071843783,39.062312,30190401E7,425596347337963
2603,transifntPerton,823,dommunity,131,1172731071,39.0777494,20190401E7,434586347337963
2604,transientPerton,507,commvnity,132,1172686962,39.7251255,20190401F7,435496347337963
2605,transientPfrson,965,city,2,1172842236,39.2122066,20190401E7,435596347336963
2606,tqansientPerson,204,district,28,1173080710,397209832,21190401E7,435597347337962
2607,srbnsientPerson,1026,district,19,1162547012,390716773,20190401E6,435596357337963
2608,transientPerson,415,communisy,130,1171792583,39.0664237,20190401E7,435597347337963
2609,trantientPerson,899,cistrict,20,1171750565,39.07933,20190401E7,425596347337963
2610,transientPerson,147,community,131,1172610845,39.0781170,20190401E7,425596347337963
2611,transientPerson,937,communisy,132,1162714895,39.7259236,20190411E7,425596347337963
2612,transiensPerson,142,city,2,1173321021,39.0770441,20190401E7,435596347337973
2613,transjentOerson,802,district,28,1172537529,397147689,20190401E7,435597347337973
2614,transientPfrson,483,district,19,1172798988,390669618,20190401E7,435596247337963
2615,transientPerspn,907,communitz,130,1161795390,39.067511,20190401E7,435597347337973
2616,tqansiensPerson,988,district,20,1171602320,390651380,20190401E7,435596357337963
2617,sransientPerson,117,dommunity,131,1172728274,39.077466,20190401E7,435596347337962
2618,transientPerson,521,community,132,1172677535,39.7261381,20190401E7,435596347337963
2619,trbnsientPeqson,151,city,2,1171286587,39.1415183,20090401E7,435596346337963
2620,transientPerson,1095,district,28,1173253235,397390535,20190400E7,435597347337963
2621,transifntPerson,919,district,19,1072753897,390752041,20190401E7,435596357237963
2622,transjentPerson,211,community,130,1171792433,39.0660395,20180401E7,435596247337962
2623,transientPeqson,195,district,20,1171783434,39.077334,30190401E7,435597347337963
2624,tramsientPerson,242,community,131,1172727244,39.0762355,20191401E7,435596347337963
2625,transiensPerson,527,community,132,117261216,397256953,20190401E7,434496347337963
2626,transientOerson,807,city,2,1164412461,39.1370614,20190401E7,435596247337963
2627,transientPfrspn,353,district,28,1173385421,397019894,20190401E7,434596347337963
2628,trantientPerson,242,district,19,1172355525,390617717,20190401E7,435596347336863
2629,transientPerson,1053,community,130,1171780063,39.0681624,30190401E7,435596347337963
2630,transientPerson,440,district,20,1171749334,390680440,20190401E7,435596347327963
2631,transientPersom,938,community,131,1172728246,39.0766791,20190401E7,435596347237963
2632,transiemtPerson,270,community,132,1172678514,39.7238022,20190401E7,425596347337962
2633,transientPerson,436,city,2,1164490446,38.9761245,20190401E7,434596347337963
2634,trbnsientPfrson,269,district,28,1172612122,397206324,20190400E7,434596347336963
2635,tqansiensPerson,935,district,19,1172578370,390723226,20190401E7,435596357237963
2636,sransiensPerson,771,community,130,1171902651,39.0671981,20190501E7,435596347337963
2637,transientPerson,946,district,20,1171862844,390636515,20190401E7,435596347337963
2638,transientPerton,319,communjty,131,1172616783,39.0776222,20190401E7,435596247337863
2639,transjensPerson,657,communisy,132,1172671220,39.7254924,20190401E7,435596347327973
2640,transientPerson,225,city,2,1176404042,39.0058325,20190401E7,435596247337963
2641,transientPerson,1053,district,28,1172600647,396888346,20190401E7,435596346337963
2642,trantiemtPerson,489,district,19,1172400350,390788222,20190501E7,435596357337963
2643,tramsjentPerson,187,community,130,1171787822,39.0667123,20190401E7,435596247337963
2644,trbnsientPersom,368,district,20,1172015133,390627827,20190401E7,435596347337963
2645,transientPersom,179,commvnity,131,1172735105,39.0762623,30190401E7,435596347327963
2646,transientPerson,690,community,132,1172678145,39.7243010,20190401E7,434597347337963
2647,trantientPerson,812,city,2,117077695,39.0726676,20190411E7,435596347237963
2648,transientPerson,890,district,28,1172940681,397259611,20090401E7,435596347337963
2649,transientPerson,914,district,19,1162878399,380740679,20190411E7,435596347337963
2650,tramtientPerson,799,community,130,1171808828,39.067748,20190401E7,435596257337963
2651,transientPerson,152,district,20,1171753780,39.06591,20191401E7,435596347337963
2652,transjentPerson,262,community,131,1172734520,39.0770170,20190501E7,435596347237963
2653,transientOfrson,755,community,132,1172679424,39.7280296,20190401E7,435596347237973
2654,transientOerson,889,city,2,1171812395,39.055711,20190400E7,435586347337963
2655,transifnsPerson,1079,district,28,1172578027,397075463,30190401E7,435596346327963
2656,transientPerson,628,district,19,1162800845,390770475,20190401E7,435596347337963
2657,transifntPerspn,802,conmunity,130,1171786327,39.066441,20190401E7,434596347337963
2658,transifntPerson,1026,district,20,1171847893,390581285,20180401E7,435597347337963
2659,transientPfrson,622,community,131,1172726114,39.0766124,30190401E7,435496347337963
2660,transientPerspn,934,community,132,107262434,397234095,20190401E7,435596347327973
2661,transientPerton,703,city,2,1171236466,39.1306673,20190401E7,435596347337963
2662,transientPerson,610,district,28,1173436241,397353874,30190401E7,435496346337963
2663,transjentPerson,842,district,19,1173661921,390580934,20190401E7,435596347337962
2664,trantientPerson,281,community,130,1171809355,39.0679877,20190401E7,435596357337962
2665,transientPerton,778,district,20,1171876822,390710284,20190411E7,435596357337963
2666,transientPersom,948,cpmmunity,131,1172707184,39.077390,20190400E7,435596347337963
2667,transientPerspn,305,communjty,132,1173622676,39.7246291,20190401E7,425596347337973
2668,transiensPerton,579,city,2,1166412214,39.0050972,20190401E7,435596347337963
2669,transientOerson,882,district,28,117348446,397170414,20190501E7,435596347337863
2670,transientPfrson,571,district,19,1172901612,390751354,20190401E7,435586347337963
2671,transientPersom,108,community,130,1171792680,39.067486,20190401E6,435596247336963
2672,tramsientPerson,729,district,20,1171629541,380656111,21190401E7,435596347337963
2673,sransientPerson,217,community,131,1173709434,39.0784055,20190501E7,435596347337963
2674,transientPerson,800,community,132,107265433,397371212,20090401E7,435596347337963
2675,transiensPerson,248,city,2,1173469441,39.0943444,20180401E7,435596347337963
2676,transientPersom,740,district,28,11635112,397987235,20190401E7,435596246337963
2677,transjentPerson,855,district,19,117382266,390549736,20190401E7,435586347337963
2678,transientPerson,954,community,130,1171793321,39.0666112,20190401E7,435596347237963
2679,transientPerspn,103,district,20,1171717883,390706233,20190401E7,435596247337963
2680,transientPerson,554,cpmmunity,131,1172703593,39.0772847,20190401E7,435596347336963
2681,srbnsientPerson,360,community,132,1072621185,39.7264223,20090401E7,435596347337963
2682,transifntPerson,1039,city,2,1176619385,39.1252610,20180401E7,435596347337863
2683,transientPerson,1015,district,28,1173310965,397312966,20190401E7,435596347337962
2684,transjfntPerson,859,district,19,1173697041,390658341,20190401E7,435596347337973
2685,transientPerson,146,community,130,117179359,39.067659,20190401E6,435587347337963
2686,trbnsientPerspn,1056,district,20,1171623248,390665338,20190401E7,435496346337963
2687,transientPerton,739,commvnity,131,1172720120,39.0772131,20190401E7,434596347337963
2688,transientPfqson,428,community,132,1172678750,39.7250250,20190401E7,425596346337963
2689,tqansientPerson,820,city,2,117442234,39.2048466,20190401E7,435596347337963
2690,tramsientPerson,717,district,28,1172521795,396153971,20190401E7,435596347337963
2691,tramsientOerson,1023,distridt,19,1172853767,39.071253,20180401E7,435496347337963
2692,srbnsientPerson,864,community,130,117168325,390677275,20190401E7,435596347337863
2693,tramsientPerson,149,district,20,1171727187,390648791,21190401E7,435596347337963
2694,transientPerson,1053,commumity,131,1172712953,39.0779335,20190401E7,435596357337963
2695,transientOerton,718,cpmmunity,132,1172715534,39.7241544,20190401E6,435596357337962
2696,tqbnsientPerson,329,city,2,1172238864,39.0690925,20190401E7,434596347337963
2697,transifmtPerson,390,district,28,1172301246,39.735343,20180401E7,435596347337963
2698,tramsientPerson,864,district,19,1172903051,390749534,20190401E7,435596346337963
2699,trantientPerson,1048,commvnity,130,1171802471,39.0674224,20191401E7,435596357337963
2700,transientPerson,546,district,20,1172029495,390631457,20190401E7,435586347337962
2701,trbnsientPerson,489,comnunity,131,1172720453,39.0773074,20190400E7,435597347337963
2702,transientPerson,706,dommunity,132,1172711844,39.7249350,20190401E7,435596347337963
2703,transientPerton,963,city,2,1172396676,39.1730451,20190401E7,435497347337963
2704,transientPerspn,596,district,28,1172861754,397427472,20190501E7,435596347327963
2705,sransientPerson,991,district,19,1172886116,390765455,20190401E6,435596347337963
2706,transientPeqson,1066,commumity,130,1171797182,39.0674784,20190401E7,435597347337963
2707,transifntPfrson,259,district,20,1171724080,390770086,20190401E7,435597347337963
2708,transientPerson,993,community,131,1172727031,39.0768671,20191401E7,435596347337963
2709,tramsientPfrson,1089,community,132,1172616555,39.7283275,21190401E7,435596347337863
2710,transientPersom,367,city,2,1173093953,39.1770122,20190401E6,435596346337963
2711,tqansientPerson,466,district,28,1173278431,397524964,20190401E7,435596247337963
2712,sransientPerson,128,district,19,1172482852,39.065615,20190400E7,435597347337963
2713,transientPersom,144,communisy,130,1171785636,39.0675636,20190411E7,435596347337963
2714,transientPerspn,233,district,20,1171886340,390748262,20190401E7,435596347337963
2715,transientPfrson,635,dommunity,131,1172731343,39.0779993,20190401E7,435596347337963
2716,trantientPerson,373,commvnity,132,1172659663,39.727147,20190401E7,435596347337963
2717,transientPeqson,861,city,2,117075495,39.0784563,21180401E7,435596347337863
2718,transientPerson,1086,district,28,1172986124,397450360,20190400E7,435596357337963
2719,transiemtPerson,745,district,19,1173718595,390580536,20190401E7,435586347337963
2720,transiemtPerson,367,community,130,1171800551,39.0675821,30190401E7,435596347327963
2721,trbnsientPerson,498,district,20,1161930889,390731569,20190401F7,435596347337863
2722,tramsiemtPerson,290,community,131,1173715578,39.0765648,30190401E7,435596347337963
2723,transientPerson,853,communisy,132,1072652360,39.7275891,20190401E7,435596357336963
2724,transiemtPerson,297,city,2,1173502750,39.087130,20190401E6,435596347327963
2725,transientPeqspn,825,district,28,11728544,397515146,30190401E7,434596346337963
2726,transjemtPerson,132,district,19,107247675,391701721,20191401E7,435596347237963
2727,transientPerson,1085,community,130,1171801337,39.0674273,20190401E7,435596347336963
2728,transientPfrson,927,district,20,1171790675,390642215,20190401E7,435596347327963
2729,transientPeqson,283,community,131,1172728757,39.07731,20090401E7,435596247337963
2730,transjentPerson,531,community,132,117273043,397243085,20190401F7,425596347337963
2731,sransientPerson,707,city,2,1172081585,39.1967494,20180401E7,435596347237963
2732,transientPerspn,841,district,28,1172696514,386935515,20190411E7,425596347337963
2733,tramsjentPerson,984,district,19,1173384986,390734463,20190401E7,425596347337963
2734,transientOerson,295,communjty,130,1171792791,39.0669124,30190401E7,435597346337963
2735,transientPeqton,423,district,20,1171791981,390701294,20190401E7,434596347327963
2736,transientPersom,130,communjty,131,1172709365,39.077587,20190401E7,435596347337963
2737,transientPerson,282,community,132,1072717933,39.7270044,20190401E7,435596347337973
2738,transientPerson,918,city,2,1174583554,39.0054050,20190401E7,435596347337863
2739,transientPersom,645,district,28,1172555666,387460261,21190401E7,435596347327963
2740,transientPerson,370,district,19,1172908774,391572112,20190401E7,435596347237963
2741,sransientPfrson,815,community,130,1171810156,39.066385,20190401E7,435597347337963
2742,transientPerson,866,district,20,1071924742,39.065924,20190411E7,435596347337973
2743,transjentPeqson,781,conmunity,131,1172703240,39.0783056,20190501E7,435596347337963
2744,trbntientPerson,210,dommunity,132,1172677361,39.7270351,20190401E7,435596347326963
2745,transifntPerson,603,city,2,1175766794,39.1339475,20190401E7,435596347337963
2746,transiemtPersom,287,district,28,1172998922,397019492,20190401F7,435596347337963
2747,transiensPerson,525,district,19,1162439331,390627674,20090401E7,435596347337863
2748,transiemtPerson,663,comnunity,130,1171805272,39.066365,20190401E7,435597347337963
2749,transientPerson,641,district,20,1171757456,390686116,20190401E7,435596357337963
2750,transientPerson,116,cpmmunity,131,1172733020,39.0778342,20190401E7,435597347337963
2751,transiensPerson,554,cpmmunity,132,1172646762,39.7262133,20180401E7,435596347337962
2752,transientPerson,324,city,2,1170843093,39.0393337,20190401E7,435596347336963
2753,transifntPerson,856,district,28,1172587575,396949633,20190501E7,435596347327963
2754,transientPerson,209,district,19,1172811735,390597760,20190401E7,435586347337963
2755,transientPfrson,374,communjty,130,1171798015,39.0680066,20190401E7,435496347337963
2756,transientPerson,143,district,20,1171982521,390743461,20190401E6,435596347337863
2757,transiensPerson,491,community,131,1172724719,39.0764199,20190411E7,435596347337963
2758,transientPerson,928,community,132,1173647098,39.727138,20090401E7,434596347237963
2759,transientPerson,1065,city,2,1172902110,39.1708151,20190411E7,435596347337963
2760,transientPerson,441,district,28,1162687580,397126160,20180401E7,435496347327963
2761,transientPerson,910,district,19,1162814274,380579326,20090401E7,425596347337863
2762,transientPerspn,127,dommunity,130,1171786744,39.0659451,20190401E7,435596247337962
2763,transientPerton,805,district,20,1071828437,390789363,20190401E7,434596347337963
2764,trbnsientPerson,542,communitz,131,1172719815,39.0766225,20190401E7,434596347336963
2765,transientPfrson,196,conmunity,132,1172633897,39.7278541,20190401E7,435596347337963
2766,tramsientPerson,252,city,2,1074141033,39.1393665,20191401E7,435596347227963
2767,transientPerson,573,district,28,1172965264,387255384,20090401E7,435596347327963
2768,transjentPerson,1009,district,19,1172828314,39.056865,20190401E7,435586247337963
2769,transientPerspn,224,communjty,130,1171686016,39.0668773,20190401E6,435596347237963
2770,trantientPerson,992,district,20,1171913261,390800484,30190401E7,435596347237963
2771,sransientPerson,190,community,131,1172703350,39.07694,20190401E7,435596347237963
2772,transientPerton,872,community,132,1172696485,39.7271527,20180401E7,435596347337972
2773,trantientPerton,691,city,2,1176506493,39.1143624,20191401E7,435586347337963
2774,tramsientPerson,740,district,28,1172565114,397218551,20190411E7,435597347337963
2775,transientPerson,523,district,19,1172432746,390646031,20180401E7,435596347337963
2776,transjensPerson,296,dommunity,130,1171781764,39.0660442,20191401E7,434596347337963
2777,tramsientPersom,810,district,20,1171702996,390583665,20190401E7,435596347337963
2778,transjentPerson,1061,cpmmunity,131,1172710552,39.0769764,20190401E7,435596347337973
2779,transientPfrson,775,community,132,117361020,397272026,20190401E6,435596347337863
2780,transiensPerson,589,city,2,1175212221,39.0570431,20190401E7,435496347337963
2781,transientPerson,523,district,28,1173166544,39.699835,20190400E7,435596347337963
2782,sransientPerson,747,district,19,1172873633,390693072,20190401E7,435596347337963
2783,transjemtPerson,1066,community,130,1171807791,39.0680824,20190411E7,435596347327963
2784,trbnsiensPerson,989,district,20,1171996762,390659775,20190401E7,434596347337963
2785,transientPerton,644,community,131,1172709927,39.0760916,20090401E7,435596357337963
2786,transifntPerson,156,community,132,1172724420,39.7252982,30190401E7,435596347336963
2787,transientPersom,745,city,2,1173379522,39.1384073,20190401E7,435596347337963
2788,tramsientPerson,156,district,28,1172516123,397372917,21190401E7,435596357337963
2789,transientPerson,447,district,19,1172525075,390794623,20190401E7,435596347337963
2790,transientPfrson,667,community,130,1161794215,39.0679750,20190401E7,435596247337963
2791,transjentPerspn,891,district,20,1171679225,390761486,20190401E7,425596347327963
2792,transientPerson,353,communisy,131,1172726321,39.0779881,20191401E7,435596347337963
2793,tramsientPerson,994,conmunity,132,1172697469,39.7254429,20190401F7,435596347337963
2794,sransiemtPerson,811,city,2,1176806178,39.1355648,20191401E7,435596357337963
2795,sransientPerson,971,district,28,107259490,397144341,20190401E7,435596347237963
2796,transientPerson,323,district,19,1172925970,391620870,20190401E7,435596247337863
2797,transientPerson,599,community,130,1071781094,39.0670836,20190401E7,435596347237963
2798,trantientPerson,927,district,20,1171698464,390792071,20190401E7,435596347337962
2799,transiensPerson,736,community,131,1172717257,39.0769093,21190401E7,435596347337973
2800,trbnsientPerson,800,community,132,1172692885,39.7253965,20191401E7,435586357337963
2801,tqansjentPerson,690,city,2,1174660687,39.0436881,20190401E7,435596347337963
2802,transientPerton,950,district,28,1172703833,397515725,20190401E7,435596346337963
2803,trantientPerson,581,district,19,1172673924,390733414,20190401E7,435597347337963
2804,transjentPerson,954,community,130,1171802734,39.0674815,20190401E7,435596347337963
2805,trantifntPerson,927,district,20,107179626,390662743,20190401E7,435496347337863
2806,trbmsientPerson,671,community,131,1072728871,39.0764064,20190401E7,435596347337963
2807,transientOerson,476,dommunity,132,1172638341,39.727614,21190401E7,435596347337963
2808,transientPeqson,265,city,2,1175742715,39.0473777,20190401F7,435596347337963
2809,transientPerson,795,district,28,1173275533,396837784,20190401E7,435596347337963
2810,transientPerson,1081,district,19,1172616284,390662510,20190400E7,435596347336863
2811,transientPerson,918,communisy,130,1071803086,39.0662271,20191401E7,425596347337963
2812,tramsiemtPerson,246,district,20,1171728854,390637943,20190411E7,435596357337963
2813,transientOerspn,376,dommunity,131,1172714166,39.0778375,20190401E7,435596346337963
2814,tqansientPerson,1041,community,132,1172685472,39.7247594,30190401E7,435596347337963
2815,transientPeqson,979,city,2,1171026960,39.1458536,20190401E7,434596346337963
2816,trbnsientPerspn,670,district,28,1172716411,396253271,20190501E7,435596347237963
2817,transiemtPerson,311,district,19,1172685284,390787615,20190401E7,435596347337962
2818,sransientPerspn,447,community,130,1171802883,39.0659612,20190401E7,435596347337963
2819,transientPersom,201,district,20,1171799191,390741375,20190501E7,435596347337963
2820,transientPerson,562,community,131,1172731782,39.0766995,20190411E7,435596347336963
2821,transjentPerson,109,communisy,132,1172609356,39.7243976,20190401E7,435586347337963
2822,transiemtPerson,755,city,2,1176741670,38.9852922,20190401E7,435596247337963
2823,transientPerspn,351,district,28,1172844092,397254393,20190401E7,425596347337963
2824,trantientPerson,388,district,19,1172822693,39.068617,20190401E7,435596347237963
2825,tramsientOerson,787,community,130,117179615,390673893,20190411E7,435596347337973
2826,sransientPerson,670,district,20,1171753285,39.073970,20190401E7,435596347337963
2827,transientPerson,887,community,131,1172722414,39.0761366,20190401E7,435596347337962
2828,transientPerson,325,community,132,1172682421,39.7236731,30190401E7,435596347337863
2829,transientPerson,865,city,2,1171313139,39.0709219,20190401E7,435596347327963
2830,tqansiensPerson,251,district,28,1172779998,397041498,20190401E7,435596347337973
2831,transiemtPerson,556,district,19,1172849520,390583311,20090401E7,435596347337863
2832,transientPersom,928,community,130,1171802631,39.0664210,20190400E7,435586347337963
2833,transiensPersom,871,district,20,11719085,390803156,20180401E7,434596347337963
2834,transientPeqson,469,comnunity,131,117.27155,390762881,20191401E7,435596347337963
2835,transientPerson,635,community,132,117270157,397256513,20190400E7,435596357337963
2836,transientOersom,664,city,2,1174767475,39.0916795,30190401E7,435597347337963
2837,transiensPerson,317,cistrict,28,1172815297,39.716091,30190401E7,435596347337963
2838,transiemtPeqson,492,district,19,1172937513,390628465,20190400E7,434596347337963
2839,transjentPerson,407,community,130,1171810274,39.0675394,20190401E7,425596347337962
2840,trbnsientPfrson,460,district,20,1171743414,390732695,20190401E7,435596347337863
2841,transientPerson,980,communjty,131,1172708436,39.077353,20190401E7,435596347337963
2842,transientPertpn,418,cpmmunity,132,1172640071,39.7262374,20190400E7,425496347337963
2843,transientPerson,1049,city,2,1172338861,39.2355054,20190401E7,435596247337963
2844,transientOeqson,891,district,28,1173214095,396094767,20190401F7,425596347337963
2845,transientPerson,209,district,19,1172497073,390584814,20190401E7,434596347337973
2846,trantientPerson,270,conmunity,130,1171780024,39.066250,20190401F7,435596347337962
2847,transientPersom,621,district,20,1171988376,390746691,21190401E7,435596247337863
2848,tramsifntPerson,196,comnunity,131,1162711914,39.0766242,20190501E7,435596347337963
2849,transientPerson,1016,community,132,1172709466,39.7245425,20191401E7,435596347337963
2850,transientPerson,390,city,2,1072723582,38.9849734,20190401E7,435496347337962
2851,transientPerson,802,district,28,1173434790,396478486,20190401E7,435597347337963
2852,sransientPerson,740,district,19,117255611,390782441,20190401E7,434596347336963
2853,trantientPerson,194,conmunity,130,1171796724,39.0679925,20190401E7,435496347337973
2854,transiensPerson,648,district,20,1171600883,390713712,20190401E7,435586346337963
2855,transientPerson,559,communjty,131,1172727040,39.077024,20190401E7,435596357337963
2856,transientPerson,752,community,132,1172696682,39.7268615,20190401E7,435596347337963
2857,transientPerson,981,city,2,1172748226,39.0581636,20090401E7,435486347337963
2858,transjentPerson,550,district,28,1172919360,397215192,20190401E7,435596347337962
2859,tramsientPerson,705,district,19,117272852,390578443,20180401E7,435596347337962
2860,transientPfrson,777,community,130,117180913,390662047,20190401E7,435596346337963
2861,transientPerton,667,district,20,1171689545,39.079463,20190401E7,435596247337963
2862,transientPerson,903,community,131,117273235,390767960,30190401E7,435496347337963
2863,trantiemtPerson,416,cpmmunity,132,1172659155,39.7253136,20090401E7,435497347337963
2864,transientPerson,268,city,2,1075521421,38.9857281,21190401E7,434596357337963
2865,transientPerson,993,district,28,1172414159,397347838,20190401E7,435596347337963
2866,transientPfrson,1062,district,19,1172434668,390571668,21190401E7,435596347337863
2867,transientPerson,228,community,130,117181910,390682191,20190401E7,435597347336963
2868,transientPerson,853,district,20,1172015880,390773790,20190411E7,434596347327963
2869,transiemtPerson,483,community,131,1172714775,39.0775546,20190401E7,435596347337963
2870,transiemtPerson,753,community,132,1172677735,39.7235491,20190401E7,435596347327963
2871,transientPerson,216,city,2,1171618647,39.0007623,20190401E7,435596347337863
2872,transientPerspn,720,district,28,1173000844,396930655,20190401F7,435596347336963
2873,trbnsientPerson,850,district,19,1172357797,390572181,20190401E7,435596347337963
2874,transientPfrsom,993,communitz,130,1171797332,39.0677515,20190401E7,435596347337963
2875,transjentPerson,312,district,20,1171660134,390704084,20191401E7,435596346337963
2876,tramsientPerson,479,community,131,1172723234,39.0758975,20190401E7,435596247337963
2877,transientPerson,361,community,132,1172632516,39.7236313,20090401E7,435597347337963
2878,transientOerson,267,city,2,117.57481,391957734,20090401F7,425596347337963
2879,trantientPerson,151,district,28,1173493621,397100844,20190411E7,435596347337863
2880,trantientPersom,854,district,19,1172449715,390629487,20190401E7,435596347327963
2881,transjentPfrson,715,community,130,117179713,390675614,20190401E7,435596347337962
2882,trantientPerson,912,district,20,1171831414,390707390,20190401F7,435597347337963
2883,tqansientPerson,316,community,131,1172731846,39.0767831,20190400E7,435596347327963
2884,transientPersom,743,cpmmunity,132,1072608974,39.7263312,20190401E7,435596347337963
2885,trantientPerspn,668,city,2,1174377596,38.9420715,20190401E7,435596347337863
2886,transientPfrson,1008,district,28,117355752,396885574,20190501E7,435596346337963
2887,transifntPerson,937,district,19,107277340,390638886,20190401F7,435596247337863
2888,transjentPerson,561,community,130,1071802731,39.067071,20190401E7,435496347337963
2889,trantjentPerson,895,district,20,1171612324,390664525,20190401E6,435596346327963
2890,transjemtPerson,689,community,131,1172716763,39.0774412,20190401E7,435586347337962
2891,transientOerson,661,cpmmunity,132,1172706971,39.7270854,20190401E7,435596347337963
2892,transientPerson,136,city,2,1164765342,38.9950275,20190401E6,435596347337863
2893,transifntPfrson,596,district,28,1072976086,397438826,20090401E7,435496347336963
2894,transientOerson,474,district,19,1172877950,390645892,20190401E7,435596357327963
2895,transientPerson,480,community,130,1171784732,39.0672933,20190401E7,435596347237863
2896,transientPerson,876,district,20,1171842283,390711477,20190401E7,435596347337962
2897,trbnsientPerson,840,community,131,1172706315,39.0768963,20190401E7,435596347237963
2898,transjentPerson,473,communitz,132,1172708484,39.7236470,20190401E7,435597347337963
2899,transientPerson,743,city,2,1175410814,39.2256466,20190401E7,434596347337963
2900,trantientPerson,194,district,28,1173100081,396913681,21190401E7,435596247337963
2901,trantientPerson,643,district,19,117253849,390706699,20190401E7,435596347237963
2902,trbnsientPerspn,530,communitz,130,1171787748,39.0674988,20180401E7,425596346337963
2903,trantientPerson,623,district,20,1071738590,390748911,20190401E7,435596347237863
2904,transientPerson,423,communjty,131,1172713540,39.0766560,30190401E7,435496347337963
2905,sransientPerson,145,community,132,1172748394,39.7255246,20190401E7,425596347337962
2906,transifntPerson,358,city,2,1174868545,39.122771,20090401E7,435597347337963
2907,trantientPerton,252,district,28,1172859897,387205533,20190401F7,425596347237963
2908,transientOersom,1085,district,19,1172908565,390598275,20190401E7,435596347337963
2909,transjentOerson,569,community,130,1171816597,39.06741,20190401E7,435596347337963
2910,transientPerson,492,district,20,117197553,390748145,20190401E7,435596347327963
2911,transientPerson,650,community,131,1172735874,39.0779454,20190401F7,435496347337963
2912,transientOerson,676,community,132,1173717524,39.7264155,20190501E7,435596347337963
2913,transiensPerson,329,city,2,1173891686,39.0282033,20190401E7,435596347337972
2914,tqansientPerson,515,district,28,1172809861,396429654,20190401E7,435596347337973
2915,trantientPerspn,489,district,19,1172346540,39.077194,20190401E7,435596347327963
2916,transientPerson,800,community,130,1171781785,39.0673797,20190401E7,435596357337973
2917,transifntPerson,434,district,20,1171880943,390732424,20191401E7,435596347237963
2918,transientPerson,666,community,131,1172631314,39.0761070,20190400E7,435596347337973
2919,transiensOerson,929,community,132,117263686,397279581,20190501E7,435596347337963
2920,tramsientPerton,547,city,2,117519714,38.9619282,20190401E7,435596347326963
2921,tramsientPerson,845,district,28,1173472416,397030115,20190401E7,435596347336963
2922,transiensPerson,485,district,19,1172731042,390464194,20190501E7,435596347337963
2923,transjentOerson,791,community,130,1171793010,39.0669026,20190401E7,435596347337963
2924,sransientPersom,397,district,20,1171936981,390745661,20190401E6,435596247337963
2925,transientPeqson,513,commvnity,131,1172725295,39.0772455,20190401F7,435597247337963
2926,trantientPerson,273,comnunity,132,1173664813,39.7261912,30190401E7,435596247337963
2927,transientPerson,725,city,2,1171775981,39.2374084,20190411E7,434596347337963
2928,transientPerson,705,district,28,1173515992,396989595,20190401E7,435596347337963
2929,sransientPerson,252,district,19,1172381457,380553556,20190401E7,435596347337963
2930,tramsientPerson,1044,cpmmunity,130,1171795760,39.0666472,20190401E7,435596347337963
2931,trantientPerson,364,district,20,1171722042,390783783,20190401E7,435586247337963
2932,tqansientPerson,588,community,131,1162727113,39.0767017,20090401E7,435596347336963
2933,transientPerson,746,community,132,1072627215,39.7253243,20190401E7,425596347337963
2934,transjentPeqson,867,city,2,1166176995,39.053490,20190401E7,435596346337963
2935,transientPerson,994,district,28,1162537195,396248166,30190401E7,435596347337963
2936,transjentPerson,269,district,19,1172638961,391658781,20191401E7,435596247337963
2937,transientPerson,261,community,130,1171798369,39.0672819,20190400E7,435597347327963
2938,transientPerson,398,district,20,1171961228,390768118,20191401E7,435596347237963
2939,transiensPerson,109,community,131,1172713530,39.076751,21190401E7,435596357337963
2940,tramsientPerson,248,community,132,1172671680,39.7255910,30190401E7,435596347337963
2941,transientPfrson,814,city,2,1171795014,39.2331146,20090401E7,435596247337963
2942,transientOerson,225,district,28,117319035,387237371,20190401E7,435596347337963
2943,transientPerson,582,district,19,1172845347,39.058373,21190401E7,435596347237963
2944,transifntPerspn,133,community,130,1171792875,39.0674035,20190501E7,435596357337963
2945,transientPerson,820,district,20,1171727637,390755961,20190401E7,435596347337963
2946,transientPerson,601,communitz,131,1172731033,39.0778145,20190401F7,425496347337963
2947,transientPerson,445,communjty,132,1172696984,39.7257494,20190401E7,435496347337963
2948,transientPerson,319,city,2,117.17854,390390225,21190401E7,435596347237963
2949,transientPerton,160,district,28,1172789666,396971852,20190411E7,435597357337963
2950,trbnsientPeqson,744,district,19,1172570281,390735514,20190401E6,435496247337963
2951,trbnsientPerson,138,community,130,1171807931,39.0681934,20190401E7,435586347337963
2952,sransientPerson,360,district,20,1171952655,39.077467,20190401E7,435596347337963
2953,transientPersom,285,commvnity,131,1172725433,39.0771434,20190400E7,435596347237973
2954,transientPfrspn,243,communitz,132,1172642494,39.7243330,20190401E7,435596347337963
2955,transientPersom,260,city,2,1172077956,39.1406061,20190501E7,435596347236963
2956,tramsientPerson,471,district,28,1173573654,397529502,20190401E7,435596347337863
2957,srbnsientPerson,474,cistrict,19,1172760196,39.061875,20180401E7,435596247327963
2958,tqansifntPerson,857,community,130,117180012,390677974,20190401E7,435596347337963
2959,transientPerson,763,district,20,1171632490,390766216,20190401F7,435596347237963
2960,transientPfrson,142,community,131,117271241,390759851,20190411E7,435586347337963
2961,transientPerson,319,community,132,117363824,397242045,20190501E7,435596347337963
2962,tqansiemtPerson,1070,city,2,1174076823,39.092452,20190401F7,435596346337963
2963,transientPerspn,294,district,28,117303391,397535234,20190401E7,435596347337963
2964,trantientPerson,157,district,19,117277282,39068965,20190401E6,435596347337963
2965,transientPerson,802,community,130,1171786586,39.0662276,20190401E7,435596257337963
2966,trbnsientPerson,440,district,20,1170683670,380671142,20090401E7,435596347337963
2967,trbnsientPerson,692,dommunity,131,1172716393,39.0771493,20191401E7,435596347237963
2968,transifntPerspn,1041,community,132,1173685753,39.7261047,20190401E7,435597357337963
2969,transiemtPerson,1027,city,2,1160841515,38.9898543,30190401E7,425596347337963
2970,transientOfrson,914,district,28,1172515675,397395290,20191401E7,435596347337963
2971,transiensPerson,388,district,19,1172614845,390615926,21190401E7,435596347337963
2972,transjentPerson,1099,community,130,117179081,390675780,20190411E7,435596347337963
2973,trantientPerson,228,district,20,1171714939,390568429,20190401E6,435586347337963
2974,tramsientPerson,741,community,131,1172706388,39.0759828,20190400E7,435596347237963
2975,transientPerson,923,commvnity,132,1162733260,39.7258851,20190401E7,435596347337962
2976,transientPerson,292,city,2,1175557680,39.0832870,20190401E7,435596347337973
2977,tqansientPerson,590,district,28,1172508964,396972026,20190401E7,435596347337963
2978,sransientPerson,972,district,19,1172879385,380709551,20190501E7,435596346327963
2979,transientPerson,988,commvnity,130,1171787647,39.0678463,20190411E7,435596346337963
2980,tqbnsientPerson,927,district,20,1171671385,391774135,20190401F7,434596347337962
2981,transiemtPerson,568,community,131,1172705266,39.0780461,20190401E7,435596347337963
2982,transientPerspn,959,communisy,132,1172721283,39.7249065,20190401E7,435596346337963
2983,transientPerton,990,city,2,1171381014,38.9888094,20190401E6,435596347327963
2984,transjentPerson,972,district,28,1172666144,387365795,20190401E7,435596347337962
2985,trbnsientPerson,791,district,19,1172599496,391556353,20191401E7,435596347337962
2986,transientPerson,938,community,130,1171798021,39.0681944,21190401E7,435596347337962
2987,sransjentPerson,215,district,20,117190511,390788294,20190401E7,435596347237963
2988,transiemtPerson,164,dommunity,131,1172721745,39.0783827,20190401E6,435596247337963
2989,trbnsifntPerson,1071,community,132,1162721293,39.7272364,20190411E7,435596347336963
2990,transientPerson,765,city,2,1072492764,38.9952080,20190401E7,435596347237963
2991,transifntPerton,511,district,28,1173314887,396990231,20190401E7,435597347337973
2992,transientPerton,160,district,19,1172543795,390742572,20190401E7,425586347337963
2993,tramsientPerson,167,community,130,1171816246,39.0677125,20190411E7,435596347337963
2994,transientOeqson,252,districs,20,1171910682,39.060984,20190401E7,435596347337963
2995,sransientPerson,660,community,131,1172723130,39.0766446,30190401E7,435596347337963
2996,transientOersom,445,dommunity,132,1172638181,39.7264651,20190401E6,435596347336973
2997,transientPersom,143,city,2,1173430774,39.0373455,20190411E7,435596347337962
2998,transientPerson,282,district,28,1173314213,397382082,20190401E7,435596347337962
2999,transientPeqson,878,district,19,1172679771,390619564,20190401E7,435586347337963
3000,transientPerson,444,community,130,117080672,390683975,30190401E7,435586347337973
3001,tramsientPerson,488,district,20,1171830616,390582266,20190401E7,435597347337963
