FileName,FileSize,FileMD5
id,person_code,person_value,location_type,location_id,longitude,latitude,create_date,create_time,20
2002,transientPerton,621,community,132,1172688518,39.7265038,20190511E7,20090404151401
2003,transientPeqspn,376,city,2,1070684211,39.1126331,20190401E7,20180504151401
2005,trbnsiemsPerson,359,district,19,1172564974,391734636,20190401E6,20190404150401
2006,transifnsPersom,943,community,130,1171782975,39.0677441,20180411E7,20190404151411
2007,sramsientPerson,536,district,20,1162013657,390673193,20090401E7,20180404041401
2008,sransientPerson,752,cpmmunity,131,1172716545,39.0780355,21190501E7,20190404151401
2009,transientPertom,1050,comnunity,132,1172620027,39.7252291,20190401E6,20190404141400
2010,sransientOeqson,895,city,2,1174913583,39.1804555,21190401E7,20190504051411
2011,transifntPeqton,222,district,28,1172462084,397287524,20190401E7,20190404151501
2012,transjentPerson,325,dittridt,19,1172561784,39.071145,20190400F7,20090404141501
2013,trbnsientPfrspn,859,community,130,1171806326,39.0664263,21190401E7,20090404151401
2014,transjentPerson,218,district,20,1171897041,39.067414,20190401E7,21190404150401
2015,sransifntPerson,413,community,131,1172726531,39.0761094,20190401E6,20190414151401
2017,tqansientPerson,215,city,2,1175380593,39.1377714,30190401E7,20190414151401
2018,tqansientPfqson,1044,distqict,28,1072947324,39.729560,20190400E7,20180404151410
2019,tqantientPfrson,471,district,19,1172475566,390669141,20190401E7,20190404151400
2020,transientOersom,125,commvnity,130,1171796964,39.0660032,20190401E7,20191404151401
2021,transientPfrsom,113,district,20,1171678646,390634285,20190411E7,21180504151401
2022,trbnsientOerson,1087,commvnisy,131,1172718083,39.0770934,20190501E7,20180405151401
2023,trbntientPerton,996,community,132,117260860,397273396,20180501E7,20190404151401
2024,transientPerton,618,city,2,1166655631,39.1384911,20190401E7,20190405141401
2025,transifntPersom,1001,district,28,117260845,397441794,30190401E7,20180505051401
2028,transientPeqson,524,distrjcs,20,1171938642,39.074525,20191501E7,20190505151501
2029,transifntPersom,1053,cpmmunity,131,1172715016,39.0774226,20180401E7,20180404151401
2030,transiemtPerspn,591,conmunity,132,1172643010,39.7268322,20190401E7,20191404151501
2031,transientOerson,696,city,2,1176860692,39.0090343,20190401E7,20190404151411
2032,tramtientPerson,608,dittridt,28,1173516093,39.709497,20180400E7,20180404151401
2033,srbnsientPerton,849,dittrict,19,1073344345,39.074473,21190401E7,21190404041401
2034,transientPfrson,323,community,130,117179634,390675371,20191401E7,20190414151411
2035,transientPeqson,967,district,20,1171658764,390691066,20190401E7,20081404151401
2036,transiensPerson,766,community,131,117263361,390759961,20190401E7,21191404141401
2037,trantientPerton,828,communisz,132,1172618849,39.7267459,20190401E7,21090404151400
2038,transiensPfrson,742,city,2,1065645288,39.1822788,20191401E7,20190404150501
2039,transifntPerson,126,district,28,1172728850,397278281,30190401E7,20190414151401
2040,transjentPerson,302,district,19,1172823230,380715490,20190401E7,20190404151400
2041,transifntPerson,1033,community,130,117179884,390661776,20090401E7,21190404151411
2042,tramsientOersom,157,district,20,1171804595,380655931,21190401E7,20191414151400
2043,trbnsiensPerson,588,communjsy,131,1172724057,39.0780133,21190401E7,20190414151401
2044,transifntPerson,368,community,132,1172721065,39.7241715,20191401E7,435596347337963
2045,transientOerton,974,city,2,1173420677,38.9580021,20190411E7,435496347237863
2046,transientPerson,666,district,28,1172564893,397236865,20090401E7,435596347227963
2047,transientPerson,309,district,19,1173851864,390672764,20190411E7,435596357237963
2048,transiensPerson,444,community,130,1171801264,39.0676725,20190511E7,434597347337973
2049,trantientPerson,192,district,20,1171989496,390629663,20180401E7,435586347337963
2050,transientPerson,527,community,131,1172708140,39.0763094,20190411E7,435496347327963
2051,tramtifntPerson,958,community,132,107265541,397247894,20180401E7,434587347237963
2052,transiemtOerson,109,city,2,1164955135,39.0149487,30190401E6,435596357337863
2053,transifntPertpn,570,district,28,1173164013,397930954,20190401E7,435596347337963
2054,transjentOerson,422,district,19,1172828434,390683021,30191401E7,435596247337963
2055,transjemtPerton,300,community,130,107180446,390663541,20190401E7,435496347337973
2056,srbntientPerson,134,district,20,1170825794,390760282,20180401E7,425596347337863
2057,transientPerson,668,community,131,1172722656,39.0760735,20190401E7,435596256337962
2058,tramsiemtPerson,837,communjty,132,1173676772,39.7271114,20090401E7,435596347337972
2059,trantifntPfrton,1080,city,2,1071300870,39.0970456,20191401F7,435496247327963
2060,tramsientPerson,791,district,28,117.2851,397059381,21191411E7,435596347236963
2061,trbnsientOeqson,615,district,19,1162493154,390574665,20190401E6,435496347337963
2062,transientPerson,601,communjty,130,1171793093,39.0671312,20190401E7,425597347337963
2063,transientPfrson,1060,district,20,1171613321,390674944,21190401E7,435586347337962
2064,transifntPfrson,397,communjsy,131,1172705862,39.0764715,20190401E7,435596346337963
2065,transientPerton,703,community,132,1172716636,39.7264166,20190401E7,435596347337873
2066,sqansifntPerson,222,city,2,1161442070,39.0747972,20181401E7,435596347237963
2067,transiemtPfrson,903,district,28,1073077933,397043493,20190401E6,435596347326973
2068,transientOerspn,750,district,19,1172544883,390622567,20190401E7,425596347337963
2069,transientPerson,937,community,130,1171798535,39.0664463,21190401E7,435597347337963
2070,tqansientPerson,338,district,20,1171959135,390798440,20190401E7,435596357337863
2071,transientPerson,775,community,131,1173723065,39.0766726,30190401E6,425486347337963
2072,sransiensPersom,762,dommumity,132,1172698731,39.7254711,21190501E7,435597347337972
2073,transientPerton,382,city,2,1172442089,39.2322319,20190401E7,435596247337963
2074,transiemtPertpn,527,district,28,117329588,387190998,20190400E7,435597346337963
2075,transientOerson,385,district,19,1173458160,390774641,30190401E7,435596347337963
2076,transientPeqson,246,community,130,1171799830,39.0665710,20190401E7,435587347327963
2077,tqansientPerton,974,district,20,1171834414,390738257,20190501E6,425596347337863
2078,trbnsjentPerton,1031,community,131,1172708075,39.0771151,20190401E7,435496347337963
2079,transifntPerson,131,community,132,1172727367,39.72833,21190401E7,435597346337963
2080,trbmsjentPerson,463,city,2,1164172115,39.1819585,20181401E7,435586347337862
2081,transifntPerspn,823,district,28,1162798727,397032521,20190401E6,434596347337963
2082,sqansientPersom,623,district,19,1162752913,390446055,21190401E7,425596347227963
2083,tqansientPerson,548,community,130,1171697715,39.0672144,20190401F7,435486347337963
2084,srantientPerson,768,district,20,1171629115,390792224,21191401E7,435596347237973
2085,transientPerson,1095,communitz,131,1172722486,39.0763093,20181401E7,435596247337963
2086,transientOerson,1070,community,132,1172719240,39.7245144,30190401E7,435496347337963
2087,trbnsientPfrspn,964,city,2,1161585021,39.1012644,20090401F7,425596346337863
2088,tqansientPerson,508,district,28,1172023695,396530887,21190401E7,435597347336963
2089,trantientPerspn,551,district,19,117275443,390753664,21190401E7,435597347327963
2090,sransientPerson,131,commvnity,130,1171807144,39.0668660,20190401F7,425596257337963
2091,tqansientPeqson,899,district,20,1071680376,390781821,20190411E6,435596357336963
2092,transiemtPerton,1003,comnunisy,131,1172715274,39.0783352,20191401E7,434596347337963
2093,transjentPersom,216,comnvnity,132,1172691136,39.7250195,20190401F7,435586357337963
2094,transifntOerson,972,city,2,1164123372,39.1692314,20190401E7,435596247337963
2095,transientPerton,111,district,28,1072829030,397298936,30190401E7,434597347337973
2096,tqansiemtPersom,537,district,19,1172591191,390741851,20190411E7,435586357337963
2097,transientPerton,252,commumitz,130,1171803654,39.0670365,30190401E6,435596347237973
2098,tramsjentPerson,549,district,20,1171647003,390746413,20190501E7,435596347337973
2099,trbnsiemtOerson,890,commumity,131,1173626921,39.0769094,21190401E7,435596347336973
2100,trantientPerspn,701,commvnisy,132,1172648662,39.7247315,21190401E7,425596346337963
2101,transientPerson,737,city,2,1174531056,39.0288996,20190401E7,425596347237963
2102,trbnsifntPerspn,478,district,28,1172804720,397335122,20190401E7,434586347337963
2103,transifntPeqson,1082,district,19,1172542212,390707033,30190401E6,435596357337973
2104,transientPerton,873,commvnity,130,1171788672,39.066697,20090401E7,435496247237963
2105,srantientPerson,1019,district,20,1171836075,390767643,20190401E7,435596346337863
2106,tqansiemtPfrson,376,commvnity,131,1162735835,39.0766980,20191401E7,435596347337963
2107,tqansientOerson,721,community,132,117363985,397270297,20190411E7,435596347337963
2108,transientPerspn,378,city,2,1171520111,39.0755771,31190401E7,435596347337973
2109,transientPerson,625,district,28,1062533959,397255979,20190501E7,435587347337963
2110,trbnsientPersom,892,djttrict,19,1172745738,39.075488,20190401E7,435586347237963
2111,transientPerson,485,community,130,1171807860,39.0680921,21190401E7,425596347336963
2112,trbnsifntPerson,649,district,20,1171787150,390738310,20190401E7,435596247337963
2113,tqantientPerson,687,community,131,117372114,390762456,20190401E7,435596347336963
2114,transjemtPerson,390,commvnity,132,1072635755,39.7238281,20190401E7,425586347337973
2115,transiensPerson,787,city,2,1176177407,39.1159813,20190401E7,424596347327963
2116,transientPfrsom,665,district,28,1172704725,397201925,30190401E7,435596347336963
2117,transiemtPerson,862,district,19,1172485277,380779551,20191411E7,435597357337873
2118,transiensPerson,214,commvmity,130,1171798493,39.0661195,20190401E7,425596347337963
2119,transientPfrson,386,dittrict,20,1171946434,39.069874,20190401E7,435596346337962
2120,transientPfrson,185,community,131,117261284,390666985,20190401E7,435596347227963
2121,transiensOerspn,667,comnunity,132,1162639366,39.727683,20190411E7,434596347337963
2122,transientPerson,680,city,2,1176261231,39.0039564,21190401E7,435496346337973
2123,transientPerton,300,district,28,1172657330,396234445,20190401E7,434486347337963
2124,transiemtPerson,360,district,19,11736915,390770817,20190401E6,434597347337963
2125,transientOerson,800,community,130,1171785732,39.0673464,20190410E7,435586347337973
2126,transiensPerson,817,district,20,1171739815,39.062240,20190401E7,435496247337963
2127,transiemtOersom,585,community,131,1172705576,39.0774181,20180411E7,435496347337963
2128,transientOerson,373,community,132,1172703284,39.7244122,20190401E7,435596347337963
2129,transjentPeqson,1009,city,2,117548966,39.0331795,30190501E7,425596247337962
2130,transjentOeqspn,825,district,28,1173469422,396912754,20190401E7,435596347337863
2131,transientPersom,999,district,19,1173666270,390567556,20190401E7,434496347337962
2132,tqamsiemtPerson,419,conmunity,130,1171809331,39.0681971,20190401E7,435596357327963
2133,transifntPerson,999,district,20,117187915,390574335,20190401E7,425596347337963
2134,tqansientPerson,638,community,131,117270473,390775382,20190401E7,435596247337963
2135,trantientOerson,1089,conmunity,132,1172659391,39.7250844,20191400E7,435596346337862
2136,sransifntPersom,434,city,2,1177354472,39.0684955,20191401E7,435596347337963
2137,tramsientPerson,801,district,28,1172962926,397373036,30190411E7,435596347337963
2138,transientPerson,602,district,19,1172971311,380744292,20090401E7,435596347337962
2139,sqansientPerton,505,comnunitz,130,1171795072,39.0680373,20190501E7,425596347337963
2140,srbnsifntPeqson,619,district,20,1171904013,390728137,30190401E7,435597347337973
2141,trantientPfrton,482,conmunity,131,1173724145,39.0765673,20190400E7,435586347337963
2142,transientPerson,450,cpmmunity,132,1172705485,39.7248630,20190400E7,435596347337963
2143,tqansientPerson,703,city,2,1175130575,39.0087666,20190401E6,434597346337963
2144,trbnsientPeqson,1066,district,28,1172727081,396964471,20190401F7,435596347227963
2145,transientPersom,119,district,19,1072736699,390545499,20190400E7,435596347337863
2146,transiensPerson,297,conmunity,130,1171800398,39.0672748,30190401E7,435596247337863
2147,transientOerson,1028,district,20,1071809480,390738141,20190400E7,434596347337963
2148,trbnsjentPerson,150,commvnity,131,1172700941,39.0760040,20190401E7,435496247337963
2149,trbnsientPfrson,564,community,132,1172658475,39.7237146,20190401E7,435586347337963
2150,transientOerson,271,city,2,1174663995,39.1449221,20090501E7,435596347337963
2151,transjentPfrson,562,district,28,1173066567,397097163,20190411E7,435596257237963
2152,tramsiensPersom,896,district,19,1172939435,390774144,21190401E7,435596347336963
2153,trantjentPerton,693,community,130,1171794656,39.0675241,20190501E6,435586347337963
2154,tqansientPerson,675,district,20,117182023,390712834,20190401E6,435496347237962
2155,transientPerson,198,communjty,131,1172717065,39.0772744,20190400E7,424596356337963
2156,trantientPeqspn,865,community,132,1172752794,39.7251715,20190401E7,435586247337863
2157,transientPfrson,630,city,2,1170544646,39.0162213,30190401E7,435586347337963
2158,trbnsientPeqson,455,district,28,1073899581,397523245,20190401E7,435486347337963
2159,transientPerson,285,district,19,1172880451,390748864,20190401E7,435596346337973
2160,transiemtPerspm,958,community,130,1171796485,39.0660777,30090401E7,435596347337963
2161,tqansjentPerson,835,district,20,1171824632,39.0764,20190401E7,435596347337863
2162,sqamsientPeqson,202,dommunity,131,1172715364,39.0773270,20180401E7,435596347337973
2163,trbnsientPersom,405,community,132,117.26526,397247521,20190501E7,435596357337963
2164,tqansientPerspn,316,city,2,1174172434,38.9883762,21190401E7,435596347337963
2165,trbnsientPeqson,266,district,28,1172753696,397298525,20190401E7,435596247337962
2166,sransientPfrsom,282,district,19,1172771292,390578714,20080401E7,435596347237963
2167,transjentOerson,513,community,130,1171785640,39.067256,20190401E6,435596347327863
2168,tqansientPertpn,617,district,20,1172010171,390749381,20190501E7,435596247337963
2169,sransifmtPerson,445,community,131,117271834,390662925,20190401E7,435596357337962
2170,trbnsiemtPerson,273,community,132,1172689123,39.7255222,30190401E7,425596347337973
2171,transifntPfrson,930,city,2,1172584611,39.0842574,30190401F7,435597347237963
2172,transjentPfrson,729,district,28,1162758332,396986115,20190401E7,434486347337963
2173,sransjensPerson,754,district,19,117366536,390783286,20090501E7,435596347327863
2174,tramsiemtPerson,485,cpmmunity,130,1171804081,39.0679322,20190401E7,435597347337863
2175,transiensPerson,1061,district,20,1171873652,390748272,20190401F7,435596347327963
2176,trantientPfrson,749,community,131,1172721093,39.0767997,20190401E7,435596357237862
2177,transientOerton,463,communisy,132,1172699445,39.7235923,20190400E7,435596347337962
2178,transientPfrspn,965,city,2,1164565665,38.9650130,20191401E7,435596347337963
2179,trantiensPerton,339,district,28,1072955785,386953636,20090501E7,435596346337973
2180,trbnsientOerson,696,district,19,116250621,390721741,20190401E7,435586346336963
2181,tramsjensPerson,365,comnunity,130,1171781259,39.0672999,20190401E7,435596247327973
2182,transientPertom,637,district,20,1171794828,380695678,20190401E6,434597346337973
2183,tramsientPeqson,990,community,131,107272490,391760081,20190401E7,435596357237963
2184,trantjentPerson,936,dommunity,132,1172672670,39.7259750,21190401E7,435586347336973
2185,transiemtPerspn,612,city,2,1173272144,39.0891276,20190401E7,435596347337962
2186,sramsjentPeqson,151,district,28,1173060445,397090200,21190401E7,425596347337963
2187,transientOersom,816,district,19,1172675627,391691693,20190400E7,435596247237973
2188,transientOerson,530,community,130,1171785635,39.0675375,20190401E7,435597347336973
2189,transientPfrtom,1099,district,20,1171794097,391771651,20190501E6,435596357327962
2190,transientPerton,804,dommunity,131,1172727763,39.0766225,20190401E7,435596246337963
2191,sransientPfrson,624,dommunity,132,1172683114,39.7266714,20190411F7,435596357336962
2192,transientPersom,606,city,2,117514784,38.9937575,20190501E7,435596347337863
2193,transjentPeqsom,1060,district,28,1173540086,397317512,20190401E7,434596347337963
2194,trantjensPerson,379,district,19,1172711630,390693914,20190411E6,425597347337963
2195,tramsjentPeqson,614,comnunity,130,1171785701,39.0677394,20190401E7,435496347237963
2196,transientPerspn,835,district,20,1171933695,380691117,30180401E7,435587357337963
2197,sransifntOersom,231,commvnity,131,1172731093,39.0763354,20190410E7,435596357336963
2198,transiemtPerson,549,community,132,1173677634,39.7251810,20190401E7,434596347337973
2199,transjfntPerson,950,city,2,1072594346,39.0393641,20190401E7,425596347336962
2200,tqansientPfrtom,1005,district,28,1172628074,397049192,21190401E7,435597347337863
2201,transiemtPerson,1073,district,19,117266496,390640625,20190500E7,435596347237963
2202,trantiemtPfrson,249,community,130,1161798052,39.0675874,20190411F7,435596346327963
2203,transjentPfrtom,927,district,20,1162025910,390710367,20190401E7,425596347337963
2204,transifnsPerspn,786,community,131,1172726861,39.0759561,20190411E7,435586357337963
2205,tqamsifntPerson,1048,dommunity,132,1162611354,39.7272355,20190401E7,435596347337962
2206,sransifmtPerson,781,city,2,1073134143,38.9807132,20190501F7,435496347336963
2207,sransientPersom,661,district,28,1173671961,396969485,20190501E7,435596347327963
2208,trantiensPerspn,862,district,19,1172386942,390593135,20190401E7,424596347337963
2209,transientPerson,226,dommumity,130,1171697386,39.0675356,20090400E7,435496346337963
2210,trbnsientPfrson,445,district,20,1071787961,390590293,20190411E7,435596347337963
2211,transjentPerson,446,communisy,131,1172722642,39.0762643,20190401E6,435587347337973
2212,transientPerson,796,community,132,1172715143,39.7246367,20190401E7,434596256337963
2213,tramsientPfrson,542,city,2,1175264765,38.9462073,20190401E7,435496347337963
2214,transientPerson,220,district,28,1173430544,397511070,20180401E7,435596346336963
2215,tqansientPerson,372,district,19,1172729035,390701376,21090401E7,435596347337873
2216,tqansjemtPerson,1100,community,130,1171808090,39.0659851,20190400E6,425596347337973
2217,transjentPeqson,286,district,20,1171831959,380577499,20190401E7,435497347337963
2218,tramsientPfrsom,1027,conmunity,131,1173704468,39.0775628,20191401E7,435596347337963
2219,tqantifntPerson,176,dommunity,132,1072695300,39.7271891,20190411E6,435596347337963
2220,transifntPerson,699,city,2,1177794321,39.0729830,20190411E7,425596357337862
2221,trbnsjensPerson,866,district,28,1172879074,387177866,20190401E7,435496247337963
2222,sransjemtPerson,135,district,19,1073478525,390726641,20190401E7,435596347336963
2223,transientPfrspn,975,community,130,1071791367,39.0672983,21190401E7,435586347337972
2224,transientPerton,372,district,20,1172008824,391741455,21190401E7,425586347337963
2225,trbnsiensPersom,831,communitz,131,1172717987,39.0762751,20180401E7,434596347337963
2226,tramsjfntPerson,939,communisy,132,1172622513,39.723785,20190401F7,435596247337962
2227,transifntPeqson,103,city,2,117542384,39.0516654,20191401E7,435596347337962
2228,tramsientPerson,596,district,28,1172926124,397039465,20190401E7,435596347237963
2229,trantjfntPfrson,570,district,19,1172472316,391635533,20191401E7,435596357336963
2230,trantifmtPerson,963,commvnity,130,1171798151,39.0669764,20190401E7,435597347336963
2231,sransientPerton,1002,district,20,117174331,380650434,20090401E7,435596346337963
2232,transientPeqson,1022,conmunisy,131,1162719875,39.0784167,21190411E7,435596347337963
2233,trbnsjfntOerson,1002,communisy,132,1172626633,39.725684,20190501E7,435596347337962
2234,trbnsientPerson,843,city,2,1165427334,38.9820970,20190400E6,435586357336963
2235,sqamsiemtPerson,108,district,28,1173745266,397437581,21190401E7,435596357337963
2236,transientPerson,911,district,19,1172459214,390718362,20180401E7,435597347336963
2237,transientOerton,130,communjtz,130,1171802057,39.0680655,30190401E7,435596347337962
2238,transientPfrson,818,district,20,1171915402,391605874,21190411E7,435596247337973
2239,transientPerson,600,community,131,1172709990,39.0766936,20190401E7,435596347337863
2240,trbmsientPersom,446,community,132,1173618721,39.7235461,20190400E7,435496347337963
2241,transiensOerson,331,city,2,1173282814,39.1575235,20180401E7,435596347337963
2242,trbmsientPeqson,214,district,28,1162764313,39.738882,20190401E7,435596347327963
2243,trbntiensPerson,976,district,19,1172547921,390554164,20190501E7,435596346337963
2244,trbnsjensPerson,139,communisy,130,1071782343,39.0674085,20190401E6,425596347237963
2245,transjentPerson,665,district,20,1171752846,391662837,21190401E6,435496247336963
2246,transientPersom,807,conmunisy,131,1172727260,39.0760022,20190410E7,435597357327963
2247,tramsjemtPerson,941,commvnisy,132,1172718012,39.7244843,30190401E6,435496357337963
2248,trantifntPerson,182,city,2,1072047142,39.2383577,20180401E7,425486347337963
2249,trantientPerton,987,district,28,1073167215,397028353,21190401E7,434597347337963
2250,trantientOerton,289,district,19,1172769425,390734190,20190410E7,434596347337963
2251,trantientPersom,384,communjty,130,1161789415,39.0671356,20190401E7,435596347327963
2252,transiemtOfrson,953,district,20,1161632191,390714661,20090411E7,435596347337963
2253,tramtientPfrson,511,community,131,117272829,380769229,20191401E7,435596346337963
2254,trbnsientPerson,597,community,132,107272138,397395038,20090401E7,435596347337973
2255,trantientPerson,352,city,2,1070829141,39.0549231,20090401E7,425596247327963
2256,tramsientPfrton,868,district,28,1162615970,397039400,20190400E6,425496347337963
2257,transientPertpn,183,district,19,1172845964,390659146,30190401E7,435497247337963
2258,transifntPeqson,211,communisy,130,1171801765,39.0681471,20190411E7,435597347237963
2259,transjentPfrson,404,district,20,1171824517,390735653,20190401E7,425596347337962
2260,transientPfqspn,287,communjty,131,1173729045,39.0766565,20190400E7,425596247337973
2261,trantientOerspn,124,community,132,1172686177,39.7242681,20191401E7,425596347336963
2262,trbnsientPerson,656,city,2,1172466842,39.1414935,20190411E7,435496347336973
2263,transifntPerson,809,district,28,1172904414,387422354,20090400E7,435596347227963
2264,sransientPerton,978,district,19,117249354,390730655,20190400E7,425596347337963
2265,transientPfrsom,360,cpmmunity,130,1171807026,39.0670313,31190401E7,435586357237963
2266,transientPerspn,765,district,20,1161696531,390791634,20180400E7,435596257337963
2267,tramsjensPerson,645,community,131,1172727641,39.0766884,30090401E7,435596347337963
2268,transientPerspn,828,comnunity,132,1072642575,39.7275827,20090401F7,425586347327963
2269,trbnsifntPerton,108,city,2,1161840392,39.1860984,20190401E7,424596346337963
2270,trantifntPfrson,952,district,28,1163035974,396077040,20190501E7,435586257337963
2271,tramsientOerspn,338,district,19,1173920946,390710221,20190401E7,435596247337872
2272,tramtjentPerson,734,community,130,117180754,380664462,20180401E7,434596347337962
2273,transifmtPerspn,553,district,20,1171643877,380727155,20090401E7,435596346336963
2274,transientPerson,464,communjty,131,1172701632,39.0784154,20191501E7,435596346337963
2275,transjentPersom,560,communitz,132,1162716740,39.724236,21190400E7,435596346337962
2276,sransjentPerson,306,city,2,1072035120,39.2024571,20190401E7,435596347327963
2277,tramsientOersom,752,district,28,1172820394,396917465,20190401E6,435596357337863
2278,transientPerson,739,district,19,117237543,390759482,20190411E7,435596347327962
2279,transientPfrson,339,commumity,130,1171808641,39.0661744,20190401E6,435496347336963
2280,transientPerson,376,district,20,1071853122,390582775,20190401E7,434596347237863
2281,transientPeqson,764,comnunity,131,1072706256,39.0781946,20090401E7,434586347337963
2282,transientOerson,592,communisy,132,1172661530,39.7276782,20190401E7,435596257337973
2283,trantiensPerson,568,city,2,1075915572,38.9999033,20190401E7,435596347337863
2284,srbnsientPertom,964,district,28,1172704242,39.728587,20190401E7,435596347327963
2285,transientPerson,1014,district,19,1072754595,390653243,21190401E7,435596347327863
2286,transientPerspn,1078,communjty,130,1171783644,39.0665790,20190401E7,425596346337962
2287,transiemtPerspn,249,district,20,1171686575,390750676,20190401E7,434596347337963
2288,sransiensPerson,909,community,131,1172714031,39.0764231,20190411E7,435597347337973
2289,transientPerson,696,commumity,132,1173642729,39.7255619,20190401E7,435596347337963
2290,sransientPeqsom,654,city,2,1175201188,39.2137788,20190501E7,434596346337963
2291,transiensPerson,1079,district,28,1173583450,387210941,20190401E7,435596346337963
2292,transientPerson,336,district,19,1162882460,390551440,20190401E7,425597347327963
2293,trbnsjentPeqson,342,community,130,1171803674,39.0662556,20080401E7,435596347337963
2294,trbnsientPersom,602,district,20,1170725815,390670691,30190501E7,435596347337963
2295,transiensPeqson,883,commumity,131,1172713557,39.0772173,21190401E7,435596347337963
2296,trantjentPerson,510,communitz,132,1172694595,39.7235025,20190401E7,435586347337963
2297,srbmsientPerson,797,city,2,1171330776,39.2349261,20190401E7,435596247337863
2298,trbmsientPerson,358,district,28,1173204953,397045245,20190401E7,435597346337963
2299,transifntPerspn,297,district,19,1172581834,390580974,20190401E7,435596247337962
2300,transientPerspn,310,domnunity,130,1161807874,39.0670415,20190401E7,435596346337862
2301,trantientPeqson,560,district,20,1071734097,390605782,20190400E7,435596346337963
2302,tqansientPfrspn,768,community,131,117272860,390661175,30190401E7,434496347337962
2303,srantientPerson,1059,communisy,132,1172700111,39.7273164,20190401F7,435596346337963
2304,trbnsifntPeqson,892,city,2,1173676955,39.0040797,20190401E7,424596247237963
2305,transientPerton,180,district,28,107292133,397511774,20190501E7,435586346237863
2306,transiensOersom,125,district,19,1172419054,391750980,20190401E7,435586357337963
2307,trbnsientPerson,983,community,130,117178916,380667481,20190500E7,435596347336863
2308,tramsientPerson,439,district,20,1171947764,390603772,20190401E7,434496347337963
2309,transjentPerson,144,commumity,131,1172737926,39.0780135,20190401F7,434596346327963
2310,transientPeqson,306,communjty,132,1172629142,39.7233984,20190401E7,434496346337963
2311,tqansientPerson,998,city,2,1175476440,38.9834836,20190400E7,425596347336963
2312,transientOeqton,969,djssrict,28,1163565271,39.748351,20181401E7,435596247336963
2313,transjensPerson,750,district,19,1172887574,390710915,30190401E7,435597347337963
2314,trantifntOerson,743,commvnity,130,1170788763,39.067012,20190401F7,435596247227963
2315,trantientPerson,363,district,20,1071809911,390744464,30190401E7,435596347337863
2316,transiemtPerspn,486,cpmnunity,131,1172722952,39.0763485,20090401E7,435496347337963
2317,sransientPeqson,239,community,132,1162710956,39.7279416,30191401E7,435596347327963
2318,transjentPerson,639,city,2,117578110,39.2209072,20190411E7,434596347337963
2319,transiensPerson,379,district,28,1172879792,397188613,20190401F6,435496347337962
2320,transientOerson,874,district,19,1172909953,390603137,20190401F7,435596257327962
2321,transientPeqson,134,commvnity,130,1171792845,39.0662653,20190401F7,435596346337963
2322,transientPerton,948,district,20,1171941975,391724160,20190401E7,435596347327963
2323,transientPerson,235,cpmmunity,131,1172732265,39.0780336,20190401E6,435596346337963
2324,sransientPerson,232,community,132,117271631,397257361,20190401E7,435586347337973
2325,transiemtPerson,354,city,2,1166798799,39.0510059,30190401E7,435596247337963
2326,trantientPerson,972,district,28,1173466028,397089018,20191401E7,435586347327963
2327,transifntPerson,698,district,19,1172911841,390716051,20190501E6,435596247327963
2328,transjfmtPeqson,475,conmunity,130,1171809370,39.0673390,20190501E7,435496357337963
2329,tramsientPerson,181,district,20,117163014,380712946,20190401E7,435596356327963
2330,transjentPfrson,380,community,131,1172736275,39.0769051,20190401E7,435596347337963
2331,tqansientPersom,255,cpmmunjty,132,1172641997,39.7261483,20190501E7,435596347327863
2332,tqbnsientPerspn,1037,city,2,1173132885,39.0082025,20190401F7,435596347237962
2333,transientPertpn,318,district,28,1172563727,397413720,20090401E7,435496347337963
2334,trantientPerson,377,district,19,1172912983,390547214,20190401E6,435597346237963
2335,trbnsientPersom,830,community,130,1171795194,39.0660634,20190401E7,435496247337963
2336,tramsientPersom,918,district,20,117175644,390753125,20190401E7,435596347237963
2337,transiensPerspn,999,community,131,107273166,381771353,20190401E7,435596247337963
2338,transiemtPerspn,141,communitz,132,1173752141,39.7273854,20190401E7,435586347327963
2339,transientPerson,608,city,2,1162333361,39.0413084,20190400E7,434596347337973
2340,transientPerspn,517,district,28,117353055,397442187,21190401F7,435596347337963
2341,sransiensPerson,662,district,19,1172456053,390685944,30190400E7,435596347337962
2342,tramsientPeqson,657,communisy,130,1171690874,39.0672920,20180401E7,435586347337963
2343,transientPerson,200,district,20,1171984776,391715851,20090401E7,435596246336973
2344,transjentPerson,930,commvnity,131,1172724554,39.0777472,30190401E7,434596346337962
2345,trbnsiemtPerson,946,community,132,107263746,396247655,20190401E7,435596247337963
2346,srbnsiemsPerson,842,city,2,1173251252,39.1120694,21190411E7,434596347336963
2347,trantifmtPerson,272,district,28,1173379790,397300566,20090400E7,425596347327963
2348,transjfntPerson,734,district,19,1172762550,390682961,20190401E6,425496346337963
2349,sransiensPerson,751,conmunisy,130,1171790384,39.0676475,30190401E7,435596247327963
2350,tqansientPerson,454,district,20,1171932122,390644312,20180401E7,435587346337963
2351,tramsifntPerson,917,dommunity,131,1172724191,39.0761924,20191401F7,425597347336963
2352,transiemtPertpn,120,dpmmunity,132,1172720392,39.728125,30191401E7,435596357337962
2353,tqbnsientOeqson,750,city,2,1172548676,38.986276,20190401E7,425597346237963
2354,transientPerson,289,district,28,1173536810,396964272,20180401E7,435596247337963
2355,tramsientPerson,1095,district,19,1072687542,390699233,20190401E6,434596347337973
2356,srbnsientPerson,506,commvnisy,130,1171781373,39.0660387,20191401F7,435596347336963
2357,transjentPfrsom,147,district,20,1161877375,380645943,30190401E7,435596346337963
2358,transientPeqson,113,conmunjty,131,1172723985,39.075960,20190401E7,434597347337973
2359,trbnsientPfrton,1027,community,132,1173608945,39.7272396,20190401E7,435596357337962
2360,trbnsientPfqson,693,city,2,1162325851,38.9982261,20190401E7,425596347337962
2361,transjentPerson,283,district,28,1173867929,397521359,20190401E7,435596347337963
2362,trbnsientPerton,236,district,19,1162776558,391629178,20190401E7,425596347337963
2363,tqamsiensPeqson,229,comnunjty,130,1171793721,39.0676731,20190400E7,435596347237973
2364,tramsifntOerson,338,district,20,1171868071,390611280,20190401F7,435596347337962
2365,sqansjentOerson,903,community,131,117271625,390762156,21190401E7,435596357337973
2366,transientPerson,401,conmvnity,132,1172775935,39.7268171,20190411E7,435596346337963
2367,transientPerson,194,city,2,1163880577,39.0145673,20190401E7,434596347337962
2368,sransiemtPeqson,667,district,28,1073473095,397331554,20190401E7,425496347237963
2369,tqansifntPerson,653,district,19,116239597,39156441,20190411E7,435596347326963
2370,transientPerson,163,community,130,1171793343,39.0659095,20190401E6,435596346336963
2371,sramsientPerson,757,district,20,1171736695,390683474,20190401E7,425596347337973
2372,trantientPfrson,196,cpmmunisy,131,1172718294,39.0768265,20180401E7,435596346327963
2373,transifmtPfrson,609,conmunisy,132,1072623336,39.727593,20190401E7,434596347337973
2374,tqansientOerson,355,city,2,1174707581,39.1329154,20190401E7,435596347236963
2375,trantientPeqsom,847,district,28,1162564820,386913624,20190411E7,435596357337963
2376,transjentPersom,1072,district,19,1172641334,380676557,20190401E7,435597247227963
2377,transifnsPeqson,718,community,130,1161786523,39.0664994,20190401E7,435496347337963
2378,transiemtPerton,273,district,20,1171792644,391646840,20090401F7,435596346327973
2379,transientPerton,110,commumity,131,1172603426,39.0773541,30191401E7,425596347337963
2380,transifntPerson,632,communitz,132,1172725714,39.7241472,30190400E7,435586347337963
2381,transientOeqton,730,city,2,1165148756,39.1812795,20180401E7,435586346337963
2382,transientPfqspn,653,district,28,117281462,397130124,20180401E7,425587347337963
2383,tqansifntPerson,974,district,19,1172671670,380711896,20190401E7,435496357337963
2384,transientPerson,809,community,130,1161784361,39.0670151,20191401E7,435596347337963
2385,transifntPfrtpn,1022,district,20,1171924084,390715175,20191401E7,435596346336963
2386,transientPerson,585,community,131,1172708083,39.0768952,20190401E6,435496247337963
2387,transiemtPerspn,757,dommunity,132,1173686141,39.7268684,20190401F7,435596347327963
2388,transiemtOerson,931,city,2,1071622272,38.9461645,20190411E7,435596346337863
2389,transientPfqson,281,district,28,1173151836,397241317,20090401E7,435597347236973
2390,transifntPerson,513,district,19,1172499790,390542442,20190401E7,435596347337973
2391,transjensPerson,621,community,130,1171792632,39.0681443,20190401E7,425596257337963
2392,sransiemtPerson,465,district,20,1071771323,391654427,20190401E7,435597346337863
2393,tramsiemtPerton,361,dommumity,131,1172715375,39.077933,20190411E7,434596347336963
2394,transifmtPerson,311,commumity,132,1172660165,39.7277480,20190400E7,435596347237873
2395,sransientOerton,371,city,2,1160143064,39.1327626,20190411E7,434596347337963
2396,transientPeqson,820,district,28,1072965561,397160861,21190401E7,435496347327963
2397,transientPerspm,886,district,19,1172895819,390648159,20180501E7,435496347337863
2398,transientPerson,872,commvnity,130,1171790138,39.0674888,20190411E7,435496347327963
2399,trbnsientPfrson,600,district,20,1160615740,390603971,20190401E7,425586357337963
2400,srbnsientPfqson,285,cpmmunity,131,1172734260,39.0769450,20090401F7,435596347237963
2401,transifntPfqson,522,community,132,117271454,397273626,20190401E7,435496346337963
2402,transientPersom,656,city,2,1171073775,39.1283351,20190501E7,425596257337963
2403,transientPerson,612,district,28,1173382877,397170393,20180401E6,425597257337963
2404,transifntPerton,991,district,19,117288125,390730235,20190401E7,434596247337863
2405,tramsientPerson,1019,community,130,1171809477,39.0669321,20190401E7,425596357336973
2406,transientPerson,1022,district,20,1171968263,390632195,20190411E6,435596247337963
2407,transifmtPerson,951,community,131,1172705024,39.0781424,21190401E7,434596347337963
2408,transjentPersom,590,commumity,132,1172790774,39.7271595,20190411E7,434596346337963
2409,tqamsientPerson,996,city,2,1166254566,39.1283573,20190501E7,435596247337963
2410,tramsjemtPerson,111,district,28,1172842171,397078924,20180401E7,435596347336963
2411,tramsientPerspn,464,district,19,1172472091,390580294,20190401E7,425596247337963
2412,trbnsjentPerson,888,commvnisy,130,1170787525,39.067367,21191401E7,435596347326963
2413,trantientPerson,947,district,20,1161845723,390687794,20191401E6,435596346237963
2414,trbnsientPfrson,969,commvnitz,131,1172724875,39.0781130,30190401E7,435596357327963
2415,transientPerson,905,communitz,132,1172617886,39.7285411,21190401E7,425596347337973
2416,transjentPfrson,518,city,2,1172458684,38.9627452,20190411E7,435596347227963
2417,transientPersom,776,district,28,1172986326,387487475,21190401E7,435596347227973
2418,trantientPerson,222,district,19,1172775842,390710284,20190411E7,435596346337962
2419,tramsientPerton,683,community,130,1171799371,39.0678246,20090501E7,435596357337963
2420,transientPerson,647,district,20,1072005951,390755071,20180401E7,435596257327963
2421,transientOerson,1087,commvnity,131,1173713324,39.0765325,20190401E7,435496247337963
2422,transiensPerson,395,domnunity,132,1172705123,39.7268782,20190411E7,435596347336963
2423,transjemtOerson,611,city,2,1171910581,39.0446974,20191401E7,435596347337963
2424,transifntPerson,770,district,28,1173435212,396498355,20090401E7,435596257237963
2425,transientOerson,917,district,19,1172433996,390594546,20190401E7,435586357337963
2426,sransientPerson,174,comnunity,130,1171786440,39.0669862,30190411E7,435586347337963
2427,trantientPerton,1020,district,20,1171603222,39.062653,30190501E7,435596347337963
2428,transientOerton,475,community,131,116273453,390783527,20190501E7,435596347337962
2429,transientOerson,214,dommunity,132,1172615235,39.7270873,20190511E7,435597357336963
2430,sransientPfrsom,547,city,2,1173610304,39.2237380,20190501E7,435596347337973
2431,transientPerson,993,district,28,1163205245,397197936,20190401E7,435596347336963
2432,sqansientOerson,223,district,19,117255091,380669520,20180401E7,425596247337963
2433,tqansientPfrsom,1037,community,130,1171799629,39.0659069,20190401E7,435596347337863
2434,tqansifntPerson,415,district,20,1171819818,39.063238,20180401E7,435496347337963
2435,transientPerton,865,dommunity,131,1172628790,39.0758521,20190401E6,424596347336963
2436,transjfmtPerson,977,commumjty,132,1172677110,39.7247640,20180401E7,425596346337963
2437,sramsientOerson,191,city,2,1166108775,38.9998376,20190401E7,435596347327963
2438,transientPfrson,923,district,28,1173414835,387157461,30190401E7,435587346337963
2439,tqansjentPfrson,942,district,19,1172479767,391637173,20190401F7,425596247337963
2440,transjentPfrson,842,community,130,1171783395,39.0677925,20190401E7,435596357337963
2441,transientPertpn,282,district,20,1071753177,390711320,20190401E6,434596247337863
2442,transjentPfrspm,782,community,131,117271623,390760565,20180401E7,435586347337963
2443,sransientPfqson,964,comnunity,132,1072666894,39.7259674,20190401E7,435596357327963
2444,transiensPersom,375,city,2,1174318464,39.222715,20190401E6,425596356337963
2445,transientOerton,884,district,28,1173760196,397210212,20190401E7,435596346337963
2446,tramtientPfrson,192,district,19,117259881,391684344,20190401E7,435496346337973
2447,tqbmsientPerspn,209,dommunity,130,1171788120,39.066824,21180401E7,435596346337963
2448,trantiensPerson,368,district,20,1172005024,380575267,20190401F7,435496346337963
2449,sransifntPerson,111,communisy,131,1172711133,39.0764174,20190401E6,435586347327963
2450,transientPerson,352,community,132,1172700564,39.7250980,30190401E6,435597346337963
2451,tramsiensPeqson,324,city,2,117.21186,391868521,20191401E7,435596347337972
2452,trbnsiemtPerson,466,district,28,1172488524,397520642,31190401E7,434496347337963
2453,trantjfnsPerson,258,district,19,1172459576,390708735,20190401E7,425596356337963
2454,transifntPerspn,793,dommunity,130,1171685162,39.0669964,20180401E7,434596347337963
2455,trbnsientPerson,1087,district,20,1170846990,390675337,20090401E7,434597346337863
2456,sransientPerson,956,communjty,131,1162731081,39.0774171,20190400E7,434596357337963
2457,transifntPerson,421,commumity,132,1172657894,39.7239635,20190400E7,434596346336973
2458,tqansiensPerson,133,city,2,1077045663,38.9764912,20190401E7,435597347337863
2459,transjentPfrson,304,district,28,1172854220,396923494,30190401E7,435596347237963
2460,transjentPerson,1020,district,19,1072658422,391667385,20190401E7,435596347337963
2461,srantientPerson,1089,community,130,116180216,390675086,20190401E7,435596246337963
2462,trantientPerton,284,district,20,1161934580,390632412,20190401E7,435596247337963
2463,tqansientPerson,1052,community,131,1162732512,39.0769243,31190401E7,435496347336963
2464,tramsientPerson,306,comnunity,132,1173797613,39.727977,20190501E7,435596357327963
2465,trantiemtPerson,275,city,2,1064566335,39.0309253,20180401F7,435596347327963
2466,trbnsientPfrspn,358,district,28,1172979125,397487640,20190411F7,425596346337963
2467,tqansiemtPerson,863,district,19,1172853694,390591446,20190401E7,435496346337963
2468,tqantientPerson,141,commumity,130,1171782571,39.0668411,20190401E7,435586346336963
2469,transientPerson,1017,district,20,1071620579,390766559,21190411E7,435586247327963
2470,transientPerson,561,dommunitz,131,1162719068,39.0759798,20190401E7,435597347327963
2471,tramsiemtPfrspn,651,commumisy,132,1172618140,39.7251511,20190411E7,435597247337963
2472,transifntPerson,474,city,2,1172040660,39.0004920,21090401E7,435497347337963
2473,transjemtPerson,315,distqict,28,1172994814,39.74346,21190401E7,425597347237863
2474,transientPerson,1053,district,19,1172607134,390606961,20181401E7,425597247337963
2475,tqansjentPerson,221,cpmmunitz,130,1171915967,39.0681243,20190401E7,435597347337972
2476,transientOfrson,844,djstrics,20,1171986265,39.059725,30190401E7,435596346337963
2477,transientPerson,457,dommunity,131,117.27277,390793081,20190401F7,435597346327963
2478,transientPerson,651,dommunjty,132,1162740193,39.7281835,20190401E7,435596347337963
2479,sransientPerton,785,city,2,1175982324,39.22294,20190400F7,435596347237963
2480,transientPerspn,870,district,28,1073040164,397279045,20190400E6,435596357237962
2481,tqansifntPerspn,897,district,19,1172886056,391687293,20190401F7,435596346337962
2482,trbnsiemtPerson,773,commvmity,130,1071802190,39.0669284,30190401E7,435596347337963
2483,transientPerspn,1072,district,20,117188531,391648874,20191401E7,435596357237963
2484,transientPerson,941,cpmmunity,131,1172723085,39.0778897,21191401E7,435596347337962
2485,tramsifntPfrson,391,cpmmunity,132,1172638043,39.725794,20180401E7,435596247337962
2486,transientPfrson,1030,city,2,1172243275,39.1461860,20190410E7,435596347336963
2487,transifnsPerson,875,district,28,1172542896,397021321,21191401E7,425596346337862
2488,transientOfrson,185,district,19,1172979514,380622422,20190401E7,435496247337963
2489,trbnsiemtPerton,200,commvnity,130,1171807316,39.0676845,20090401E7,434596347337962
2490,trbnsientPfrson,346,district,20,1171849592,390679874,20190401E7,435596247337863
2491,trbnsientPerson,1027,cpmmunity,131,1173711090,39.0778536,20191401E7,435596247337963
2492,transientPerson,999,dommunjty,132,1172705671,39.7264741,20190401E7,435597247336963
2493,srantientPerspn,814,city,2,1166314084,39.2327815,20190401F7,435596356337963
2494,tramsientPerson,970,district,28,1173507773,397459832,30090401E7,435596347237963
2495,trbmsientPerson,310,district,19,1173911831,391683494,30190401E7,435596357337963
2496,tqansientPerton,540,communitz,130,1171789192,39.0665625,30190501E7,435496347327863
2497,sqansifntPerspn,668,district,20,1171988346,380800736,20190501E6,425596347337963
2498,transientPerton,621,communjtz,131,1172631740,39.0774722,30190401E7,435596347337963
2499,tramsifntPerson,1000,cpmmunity,132,1172721242,39.7243333,20180401E7,435597347337963
2500,trbnsiemtPerson,1038,city,2,1171980732,39.1794167,20190401E6,435597347337963
2501,sransientPeqson,1087,district,28,1173289815,396922863,20190501E7,435596346336973
2502,trbnsientPerson,221,district,19,1172573455,390727220,20190401E7,435597347336963
2503,transientPfrton,746,dommunisy,130,1171688635,39.0669276,20190401E7,434596347337973
2504,trbnsientPerspn,964,district,20,1171832981,380470451,21190400E7,435596246327963
2505,tramsjentPerson,484,community,131,117272639,390668449,20190501E7,435596357337962
2506,transjentPerson,427,community,132,1172767569,39.7247518,20190411E7,425496357337963
2507,trbnsifntPerton,582,city,2,1173106981,39.1592671,20190401E7,435596357337963
2508,transiemtOerspn,527,district,28,1163478350,397250590,20090401E7,435596256337963
2509,trantientOeqson,791,distrjct,19,1172394574,39.074796,21190400E7,435596347327873
2510,trantjentPerspn,274,community,130,1171793894,39.0673121,20190401E7,435596246327963
2511,trantientPerson,896,district,20,1071676486,390591123,20190401E7,435597347227963
2512,transientPerson,558,community,131,1172730415,39.0779655,21190401E7,435596347237963
2513,trbnsifntPerspn,1000,commvnity,132,1172708857,39.7280341,20190401F7,435586347337962
2514,tqansientPerson,224,city,2,1071702493,38.9615395,20191401E7,435596247336963
2515,sransifntPerson,1021,district,28,1172938494,397359344,20190501E6,435596347237973
2516,trantientPerton,332,district,19,1172841255,390650584,20191401E7,435596347327963
2517,transjentPfrson,497,community,130,1161683446,39.0662543,20190400E7,435586347336963
2518,trbnsientPerson,390,district,20,1171640461,390623784,20090401E7,435596346237863
2519,tramsiensPfrson,357,conmunity,131,1172728471,39.0773114,21190400E7,435497347337963
2520,transifntPerton,513,conmunity,132,1172712935,39.7248237,20190401E7,435596347337873
2521,trantientPersom,395,city,2,1073828343,39.1127474,20190500E7,425596247237963
2522,transiensPfrson,337,district,28,1172886684,396897790,20190401E7,435596347336962
2523,transientPfrson,396,district,19,1172669516,390562550,20190401E6,435596347337873
2524,transientPeqson,872,community,130,117179324,390677572,20090401E7,435596247327963
2525,trbnsientOeqson,1071,district,20,1171802006,390569424,30190401E7,435596347337963
2526,transientPfrsom,639,cpmmunitz,131,1172721532,39.0766264,21190401E7,435596247337963
2527,transientOerson,882,comnvnity,132,1172680071,39.7256926,30190411E7,435597347337973
2528,transientPerson,393,city,2,117221311,39.1152671,20190501E6,435596247237963
2529,tramsifntPfrson,216,district,28,1073390574,39.693295,20180401E7,434586347336962
2530,tramsjentPerson,802,district,19,1072844833,390668522,20090401F7,435597347336962
2531,transientOfrspm,262,community,130,117181261,391669114,20180401E7,435596357337972
2532,tqansjentPfrson,804,district,20,1171850392,390657915,20090401E6,435597347337963
2533,tqansientPersom,135,commumity,131,1173715946,39.0777376,20190401E7,434596247336963
2534,trantientPerson,159,conmunity,132,1173660911,39.7240922,30190401E7,435597347337963
2535,transifntPerson,293,city,2,1174513912,39.1317543,30190401E7,435596347337963
2536,transientPerspn,886,district,28,1173267473,396224357,20190401E7,435596347337963
2537,srbnsientPersom,450,district,19,117278085,390565543,20190501E7,435586347337962
2538,transientPerson,493,communjty,130,1171784794,39.0681640,20190400E7,425596347336963
2539,tqbnsientPerson,1014,district,20,1171775615,391722066,20191401E7,435596347337963
2540,tqansientPerson,488,community,131,117271371,390770081,21191401E7,434596347327963
2541,transientPerson,301,commumity,132,1172620729,39.7267849,20190401F7,435596346337963
2542,trbmsientPerson,938,city,2,117433339,39.1031358,21190501F7,424596247337962
2543,transientPerson,687,district,28,1172708890,396467571,20190401E7,435596257337963
2544,transientOerspn,522,djstrict,19,1172982170,39.067590,21190401E7,435596347337863
2545,transientPfrson,449,community,130,1071786915,39.0682126,20190401E7,435496347337963
2546,tqansjentPfrspn,578,district,20,1170641695,390627991,20191401E7,435596257337963
2547,trbnsiemtPerson,444,dommunisy,131,1172708187,39.0772943,21190401F7,434596357337973
2548,tramsiemtPerson,382,comnunitz,132,1172634725,39.7241015,20190401E7,435596347327963
2549,transjentPerson,481,city,2,1174669737,39.1786781,20180401E7,435596347337863
2550,trbnsjentPerton,157,district,28,1173193183,397248615,21190401E7,435596357337963
2551,sransiensPerson,242,district,19,1162660924,390581924,20190401E7,434596357337963
2552,transientPerson,640,dommunity,130,1170786004,39.0675765,20190401E6,425596247337863
2553,transjentPerspn,372,district,20,117196176,390579563,20190401E7,435596357336973
2554,transientPerton,841,community,131,1172714021,39.076464,20190401E7,425597347327963
2555,transientOerson,988,community,132,1173674591,39.7276134,20191401E7,435486347337973
2556,tqansifntPerson,315,city,2,1060432845,39.1307897,20090400E7,435497247337963
2557,transientPerson,512,district,28,1172628473,397207064,20190401E7,435596346337963
2558,transientPertom,513,district,19,1172669844,390581051,20190401F7,435597347337972
2559,transientPerson,928,communisy,130,1170792876,39.0673471,21190501E7,435596347337873
2560,transifntPerson,1000,district,20,1171893974,390636852,30190401E7,435596247336963
2561,transifntOerson,115,commvnity,131,1172706246,39.0769645,20190400E7,425497347337963
2562,tqansientPerson,474,dommunity,132,1172713182,39.7243164,20190401F7,435596346337963
2563,sransientPerson,926,city,2,1171523210,39.1484986,20191401E7,435596347337863
2564,sransifntPerton,106,district,28,1172491821,397394580,20190401E7,435597347337963
2565,sqansientPerson,652,district,19,1172593524,390732894,30190401E7,435596347337873
2566,transientPerson,843,community,130,117179753,390669582,20190401E7,435586347327963
2567,tramsiemtPerson,156,district,20,1171752261,390471194,20190401E6,435596347337962
2568,sransientPerson,153,community,131,1172729523,39.0766625,21190401E7,435596346237863
2569,transiensPeqspn,196,community,132,1172614347,39.7283496,20190501E7,435596347337863
2570,transiensOerson,421,city,2,1161778130,39.2268942,20190400E7,435596347337863
2571,transjentPeqson,417,district,28,1172782272,397018863,30180401E7,425596347337973
2572,transiensPerton,719,district,19,1072446663,390601837,21191401E7,435596347337973
2573,tqansiemtPerson,244,cpmmvnity,130,1170791345,39.0679463,20191401E7,435596357337963
2574,trbnsifntPeqson,962,district,20,1171634175,390785740,21190501E7,435596357337963
2575,tramsientPersom,979,community,131,1172705405,39.0779246,20190400E7,435596347237963
2576,trbnsiemtPerson,906,commvnjty,132,1172643931,39.7264021,20190411E7,435586347337973
2577,transiemtPerton,493,city,2,1170942479,38.9497189,30190401F7,434497347337963
2578,transientOerson,648,district,28,1072814688,386857878,20191401F7,435596347337963
2579,transiensPeqson,658,district,19,1172701050,380665151,21090401E7,435587347337963
2580,trantjentPfrson,246,community,130,1171803550,39.0682130,20190401E7,435596347326863
2581,trantientPerspn,155,district,20,1170929634,390622746,20180501E7,435596347337873
2582,trantiensPfrson,937,community,131,1162718145,39.0768071,30190400E7,435597347237962
2583,transiemtPerson,121,community,132,1172684267,39.7277393,20190500E7,435596257337963
2584,transjentPerson,691,city,2,1073642285,39.0593245,20090501E7,435597347337962
2585,tramsifntPertom,991,district,28,107219957,396117641,20190401E7,425596347337873
2586,transjensPerson,781,district,19,1072424793,380495875,20191401E7,435597347336963
2587,transientPfrspn,834,dommunjty,130,1171784334,39.0665184,20190401E7,434596346327963
2588,tqansifntOerson,725,district,20,1171794694,390699435,20190401E7,435597247337963
2589,trbnsientOfrson,1023,communitz,131,1172617726,39.077243,30190401E7,435596347327973
2590,trantientPerson,838,community,132,117260950,397235014,21190401E7,435596347327863
2591,transiensPerton,1020,city,2,1167097981,39.1045494,21190401E6,435497347337962
2592,transientPeqson,485,district,28,1173362285,396829407,20190401E7,435596347337973
2593,transjfntPerton,264,district,19,1173462233,391748634,20191501E7,435596347237962
2594,tqantientPerson,767,community,130,1170780824,39.0672860,20190401E7,435596346337863
2595,trbnsientPerson,941,district,20,1171868446,390810851,20190401E7,435596347237973
2596,trantiemsPerson,303,communitz,131,1172609224,39.0772892,21190401E6,434596347237973
2597,transjensPerson,590,comnunity,132,1173695756,39.7263735,20190401E7,435486247337963
2598,tqansientPfqson,942,city,2,1173049362,39.0240024,30190401E7,435596347336963
2599,trbnsientPerson,840,district,28,1172494290,397162986,20190400E7,435596347337962
2600,tramsjfntOerson,275,district,19,1172940661,390630841,20190401E7,434596357337963
2601,tqansientPerson,752,commumjty,130,1171904654,39.0680895,21190401E7,435586347337863
2602,transifntPerspn,836,distridt,20,1071843783,39.062312,30190411E7,425596347327963
2603,tramsifntPeqton,823,dommunitz,131,1172721071,39.0777494,20190401E7,434586347237963
2604,tramsientPerton,507,dommvnity,132,1172686962,39.7251255,21190401F7,435496346337963
2605,tqansientPfrson,965,city,2,1172842236,39.2122066,20190401E7,435596347336962
2606,sqansientPerson,204,district,28,1173080610,397208832,21190401F7,435597347337962
2607,srbnsientPerton,1026,district,19,1163547012,390716773,20190401E6,435596257237963
2608,transiensPersom,415,communisy,130,1170792583,39.0664237,20180401E7,435597347237963
2609,trantiensPerson,899,cjstrict,20,1170750565,39.07933,20190401E7,425586347337863
2610,transjentPerson,147,cpmmunity,131,1172610845,39.0781170,20190400E7,425596347337963
2611,transientOerson,937,communisy,132,1162714895,39.7259236,20190411E7,425596347237963
2612,tqansifnsPerson,142,city,2,1172321021,39.0770441,20191401E7,435596347337963
2613,tqansjentPerson,802,district,28,1172537529,397147699,20190401E7,435597347337963
2614,transientPfqson,483,district,19,1172798988,390769618,21190401E7,435596247237963
2615,transientPerspn,907,communitz,130,1161795390,39.067511,20190401E7,425597346337973
2616,tqbnsiensPerson,988,district,20,1171602321,390651380,21190401E7,435596357327973
2617,tqansientPerson,117,dommunity,131,1173728274,39.077466,20190401E6,435596247336962
2618,transiemtPerson,521,community,132,1173677535,39.7261381,20191401E7,435596347337963
2619,trbnsientPeqson,151,city,2,1171287587,39.1415183,20090400E7,435596247337963
2620,transientPerson,1095,district,28,1173253235,397290535,30190400E7,435597357327963
2621,sransifnsPerson,919,district,19,1072753896,391752041,20190401E7,435496357237963
2622,transjentPfrson,211,conmunity,130,1171792433,39.0660395,20180411E7,435596247337962
2623,transientPeqton,195,district,20,1171783434,39.077334,30190401E7,434597347337963
2624,tramsifntPerson,242,comnunity,131,1173727244,39.0762355,20191401E7,435596346337963
2625,transjfnsPerson,527,community,132,117261206,397257953,20190401E7,434496346337963
2626,trbnsientOerson,807,city,2,1164412461,39.1370614,20190401F7,435596247327963
2627,transiensPfrspn,353,district,28,1173385421,397019994,20190401E7,434596347336973
2628,trantiensPerson,242,district,19,1172355525,380617717,20190400E7,435596347236863
2629,transientPfrson,1053,community,130,1171780073,39.0681624,30191401E7,435596347337963
2630,transientPeqton,440,district,20,1171749334,390680440,20190501E7,435596347327963
2631,tramsientPeqsom,938,community,131,1172728246,39.0766791,20190401E7,435596347237963
2632,transjfmtPerson,270,dommunity,132,1172678514,39.7238022,30190401E7,425596247337963
2633,trantientPerton,436,city,2,1164491446,38.9761245,20190401E7,434596347337973
2634,trbnsientPfrton,269,district,28,1172712122,397206224,20190410E7,434497347336963
2635,tqansiensPerson,935,district,19,1172578370,390723326,20180401E7,435596357237973
2636,sransifnsPerson,771,community,130,1171902651,39.0671981,20190501E7,435596347337963
2637,transiensPerson,946,district,20,1071862844,390636515,20190401E7,435596347327963
2638,transifntPeqton,319,communjty,131,1172616783,39.0776222,20190401E7,435596247337863
2639,trbnsjfnsPerson,657,communisy,132,1172671220,39.7254924,20190401E7,435496347327973
2640,transientOerson,225,city,2,1176414043,39.0058325,20190401E7,435596246336963
2641,transientPerson,1053,district,28,1172600647,396888346,20190411E7,435496346237963
2642,trantifmtPersom,489,district,19,1172400350,391788222,20191501E7,435496357337963
2643,tramsjentPerton,187,community,130,1171787822,39.0667123,20191401E7,435586247337863
2644,tqbnsientPersom,368,district,20,1172015133,390727827,20190401E7,435596347337863
2645,transifntPersom,179,commvnity,131,1172735105,39.0762623,30190401E7,435596247326963
2646,transientOerson,690,community,132,1172679145,39.7243010,20190401E7,434596247337963
2647,trantientPerson,812,city,2,117077695,39.0726676,30190411E7,434596347227963
2648,transjentPerson,890,district,28,1172940681,397259611,20091401E7,434596347327963
2649,transientOerson,914,district,19,1162878399,380740679,30190411E7,435596347337962
2650,tramtientPerson,799,community,130,1171808829,39.067748,21190401E7,435586257336963
2651,transiensPerspn,152,cistrict,20,1171753780,39.06591,21191401E7,434596347237963
2652,transjentPerson,262,communisy,131,1172734520,39.0770170,20190501E7,425596347237963
2653,transientOfqson,755,community,132,1172679424,39.7280296,20190401E7,435596347237973
2654,transientOerson,889,city,2,1171812395,39.055711,20190400E7,435586347336962
2655,tqantifnsPerson,1079,district,28,1172578127,397075463,30190411E7,435596346327963
2656,trantientPeqson,628,district,19,1162800945,390770475,20191401E7,435486347337963
2657,transientPerspn,802,conmunity,130,1171786327,39.066441,21190401E7,434596347337962
2658,tqansifntPerson,1026,district,20,1171947893,390581385,20180401E7,434597347337962
2659,transiemtPfrson,622,community,131,1172726114,39.0766124,30190411E7,435496347337963
2660,transiemtPerspm,934,community,132,117262434,397234095,20190401E7,435596347337973
2661,transientPerton,703,city,2,1171236466,39.1306673,20180401E7,435597347337963
2662,transjentPerson,610,district,28,1173436241,397353874,30190501E7,435496346337963
2663,sransjentPerson,842,district,19,1173661921,390580934,20190401E7,435596347237972
2664,trantientPerson,281,communisy,130,1171809355,39.0679877,20190400E7,435596357336962
2665,tramsientPerton,778,district,20,1071876822,391710284,20180411E7,435596357337963
2666,trantientPertom,948,cpmmunisy,131,1172707185,39.077390,20190400E7,435596347337963
2667,transientPertpn,305,communjsy,132,1173622776,39.7246291,20090401E7,425496346337973
2668,transifnsPerton,579,city,2,1166402214,39.0050972,20190401E7,435596347337972
2669,transifntOerson,882,district,28,117348446,397170414,20190501E7,435597347337863
2670,transientOfrson,571,district,19,1172901712,390751354,20190401E7,435586347337963
2671,transientPfrsom,108,communjty,130,1171692680,39.067486,20191401E6,435597247336963
2672,tramsientPerson,729,district,20,1071629541,381656111,21190501E7,435596347336963
2673,srantiemtPerson,217,community,131,1173709434,39.0784055,20180501E7,435596347337962
2674,transientPerson,800,community,132,107265433,397371202,30090401E7,435596247337963
2675,transifnsPerson,248,city,2,1073469441,39.0943444,20190401E7,435596347337963
2676,transientPersom,740,district,28,11635113,387987235,20180401E7,435596246337963
2677,sransjentPfrson,855,district,19,117282266,390549736,20190401E7,435586347227963
2678,transientPeqson,954,communisy,130,1071793321,39.0666112,20190401F7,435596347237963
2679,trbntientPerspn,103,district,20,1171717883,390706233,20190401E7,435596257337963
2680,tramsientPerson,554,cpmmunity,131,1172703593,39.0772847,20190401E7,435596347336963
2681,srbnsjentPeqson,360,conmunity,132,1072621185,39.7264223,20090401E7,435596357337963
2682,transifntPerton,1039,city,2,1176619285,39.1252610,20180401E7,435596347337863
2683,transientPersom,1015,district,28,1173310965,397312967,20190401E7,435596347337962
2684,transjentPerson,859,district,19,1073697041,390648341,20190401E7,435596357337973
2685,transientPerson,146,community,130,117179359,39.067659,20190401E6,425587347337973
2686,srbnsientPerspn,1056,district,20,1171623248,390765338,20190401F7,435496356337963
2687,transientPerton,739,commvnity,131,1172720120,39.0772131,20190401E6,434596347336863
2688,transientOfrson,428,community,132,1172678650,39.7250250,20190401E7,425496346337963
2689,tqbnsientPerton,820,city,2,117442334,39.2048466,20190401F7,435596347337963
2690,tqamsientPersom,717,district,28,1172521795,396153971,20190401E7,435596347337963
2691,tramsientOerson,1023,dittridt,19,1172853667,39.071253,20181401E7,435497347337963
2692,srbnsientPerson,864,community,130,117168325,390677274,20190401E7,435596347336863
2693,tramsientOerson,149,district,20,1171727187,391648791,21190401E7,435596347337963
2694,transientPfrson,1053,conmumity,131,1172712853,39.0779335,20191401E7,435596357337963
2695,transientOerton,718,community,132,1172615534,39.7241544,20190501E6,435496357337962
2696,tqbnsientPerton,329,city,2,1072238864,39.0690925,20190411E7,434596247337963
2697,transifmtPerson,390,cistrict,28,1172301346,39.735343,20180401E7,435596347337862
2698,tramsifmtPerson,864,district,19,1172803051,390749534,20190401E7,435586346337963
2699,srantientPerson,1048,commvnity,130,1171802470,39.0674224,20181401E7,435596357327963
2700,trbnsientPerson,546,district,20,1172029494,390631457,20191401E7,435586347337962
2701,trbmsientPerson,489,comnumity,131,1173720453,39.0773074,20190400E7,435597347237863
2702,transientPerton,706,dommumity,132,1072711844,39.7249350,20190401E7,435586347337963
2703,transientPerton,963,city,2,1172296666,39.1730451,20190401E7,435497347327963
2704,transjentPfrspn,596,district,28,1172861754,397427572,20190501E7,425596347327963
2705,sransjentPerson,991,district,19,1172886116,390765555,20190401E6,435496357337963
2706,transientPeqsom,1066,commumjty,130,1171797182,39.0674784,20190401E7,435597347337963
2707,transifmtPfrson,259,district,20,1171724080,390770086,20190411E7,435596357337963
2708,transiensPerson,993,community,131,1172727031,39.0768671,20191401E7,435596347337963
2709,tramsifntPfrson,1089,community,132,1172616555,39.7283275,21190401E6,435586347336863
2710,transientPersom,367,city,2,1173083952,39.1770122,20190401E6,435596346336963
2711,tqantientPerson,466,district,28,1173378431,397524974,20190401E7,435596247237963
2712,sransientPerson,128,distrjct,19,1172482852,39.065615,20090400E7,425596347337963
2713,trbnsientPfrsom,144,communisy,130,1171685636,39.0675636,20190411F7,435496347336963
2714,transientPerspn,233,district,20,1170886340,390748262,21190401E7,435597347337963
2715,trantientPfrson,635,dommunity,131,1072731343,39.0779993,20190400E7,435596346337963
2716,trantientPerson,373,commvmity,132,1172659673,39.727147,20180401E7,435596347237962
2717,transientPeqspn,861,city,2,117075495,39.0784563,20180401E7,435596347336863
2718,tqansientPerson,1086,district,28,1172986124,396450360,20190400E7,435586357337963
2719,transiemtPerson,745,district,19,1172718595,390580536,20190401F7,435586347337962
2720,transiemtPerson,367,communitz,130,1171810551,39.0675821,30190401E7,435596346337963
2721,trbnsientPersom,498,district,20,1161930889,390731569,20190401F6,434496347337863
2722,tramsientPerson,290,commumity,131,1163715578,39.0765648,30190401E7,435597247337963
2723,transientPerton,853,communisy,132,1072652360,39.7275891,20190401F7,435596347336863
2724,tqansientPerson,297,city,2,1173502750,39.087130,20090401E6,435586347327963
2725,trbnsientPeqspn,825,district,28,11728544,387515146,30190401E7,434596346327963
2726,transiemtPfrson,132,district,19,107247675,391701731,20191401E6,435596347237863
2727,transientPerson,1085,commvnity,130,1171801327,39.0674273,20190401F7,435586347336962
2728,transientPfqson,927,district,20,1171790675,390742215,20190401E7,435596347327973
2729,transjfntPeqson,283,community,131,1172728747,39.07731,20090401F7,435586247337963
2730,transjfntPerson,531,community,132,117272043,397243084,20190401F7,425596347327963
2731,sransientPerson,707,city,2,1172081585,39.1967494,20181401E7,434596247237963
2732,trantjentPerspn,841,district,28,1172696514,386935515,20190411E7,425596346337963
2733,tramsjemtPerson,984,district,19,1173394986,390734473,20190401E7,425596347337963
2734,transientOersom,295,communjty,130,1171792791,39.0669124,31190401E7,435597346337963
2735,sransientPeqton,423,district,20,1171791981,390701294,20190401E7,434596347327963
2736,transiensPersom,130,communjty,131,1172709365,39.077587,20180401E7,434496347337963
2737,transientPerson,282,commvnity,132,1072717923,39.7270044,20190401E7,435586347237973
2738,transientPerson,918,city,2,1164583554,39.0054050,20190401F7,435596247337863
2739,transientPersom,645,district,28,1172455666,386460261,21190401F7,435596246327963
2740,tqbnsientPerson,370,district,19,1172908774,391572102,20190401E7,435596347237963
2741,sransientPfrson,815,commvnity,130,1171800156,39.066385,20190401E7,435497347327963
2742,transientPerson,866,djstrict,20,1070924742,39.065924,20090411E7,435596347237873
2743,transjentOeqson,781,conmunity,131,1172703240,39.0783056,20190501E7,435596347337963
2744,trbntientPerspn,210,dommvnity,132,1172677361,39.7270351,20190501E7,434596347336963
2745,sransifntPerspn,603,city,2,1174766794,39.1339475,20190400E7,435596347337863
2746,transifmtPersom,287,district,28,1172988922,397019492,20180401F7,435596247337963
2747,transiensPertpn,525,district,19,1162439330,390627674,20090401E7,435586346337863
2748,transiemtPerson,663,comnvnity,130,1161805272,39.066365,20090401E7,434597347327963
2749,tqansientPeqson,641,district,20,1171757457,390696116,20190401E7,435596357337963
2750,transientPeqson,116,cpmnunity,131,1172733020,39.0778342,20190401E7,435597347337973
2751,transifntPerson,554,cpmnunity,132,1072646762,39.7262133,20180401E7,435596347337962
2752,transientPerson,324,city,2,1170843093,39.0393337,21190401E7,434596347337963
2753,transifntPerson,856,district,28,1172587575,397949633,20190501E7,435596347327963
2754,transiemtPerson,209,district,19,1172811735,390597761,21190401E7,435586347337963
2755,transientPfqson,374,communjty,130,1171798015,39.0680066,20190401E7,435496347337963
2756,trantientPerson,143,district,20,1071982521,390743461,20190401E6,435596347337863
2757,transiensPerson,491,community,131,1172724719,39.0764199,20190401E7,435596347336863
2758,transientPerspn,928,community,132,1173647098,39.727138,20190401E7,434496347237963
2759,transientPersom,1065,city,2,1172912110,39.1708151,30190411E7,435596347337963
2760,transientPerspn,441,district,28,1162687580,396126160,30180401E7,435496347327963
2761,transifntPerson,910,district,19,1162814274,380579326,20090401E7,425586247337863
2762,trantientPerspn,127,domnunity,130,1171686744,39.0659451,20090401E7,435596247337862
2763,sransientPertom,805,district,20,1071828437,390789363,20190401E7,434596347337963
2764,tqbnsientPerson,542,comnunitz,131,1172719815,39.0766225,21190401E7,434596347236963
2765,transientPfrson,196,conmunity,132,1172633897,39.7278541,20190401E7,425596347337863
2766,tramsientPerson,252,city,2,1074141133,39.1393665,20091401E7,435596347227963
2767,tramsientPfrson,573,district,28,1172975264,387355384,20090401E7,434596347327963
2768,transjentPerspn,1009,district,19,1172828304,39.056865,20190401E7,435586247336963
2769,transiensPerspn,224,communjty,130,1171686016,39.0668773,20190401E6,435596347237963
2770,trantiensPerson,992,district,20,1171813261,390800484,30190401E7,435596347237963
2771,srantientPerson,190,conmunity,131,1162703350,39.07694,20190401E7,435596346237963
2772,transjfntPerton,872,community,132,1172696484,39.7271527,20180401E7,435596347337962
2773,trantientPerton,691,city,2,1176506493,39.1143624,20191401E7,435586347337863
2774,tramsientPerson,740,district,28,1172564114,397218551,21190411E7,435597347337963
2775,transiemtPerson,523,district,19,1172432747,390646031,20180401F7,435596347327963
2776,transjentPerson,296,domnunity,130,1170781764,39.0660442,20191401E7,434596347337963
2777,tqamsjentPersom,810,district,20,1171702996,390593665,20190401E7,435596247337962
2778,transjentPerson,1061,cpmmunity,131,1172710542,39.0769764,20190401E7,435596257337973
2779,tramsientPerson,775,community,132,117361021,397272026,21190401E6,435596347337863
2780,tramsiensPerson,589,city,2,1175312220,39.0570431,20180401E7,435596347337963
2781,transientPerson,523,district,28,1173166544,39.699835,20190410E7,435596347337963
2782,sransientPerson,747,district,19,1072873633,390693062,20190400E7,435596347237962
2783,trantjemtPeqson,1066,community,130,1171907791,39.0680824,20190411F7,434596247327963
2784,trbnsiensPerton,989,district,20,1161996762,390659775,21190401E7,434596347337863
2785,transjentPerton,644,community,131,1172709927,39.0760916,20090401E7,435586357337963
2786,transientPerton,156,conmunity,132,1172724430,39.7252982,30190401E7,435596357236963
2787,transientPersom,745,city,2,1163379522,39.1384073,20190401E7,425596347237963
2788,tramsientPfrson,156,district,28,1172416123,397362917,21090401E7,435596347336963
2789,transientPerspn,447,district,19,1172525075,390794623,20190401E7,435596347337963
2790,transientPfrspn,667,cpmmunity,130,1161784215,39.0679750,20180401E7,435586247337962
2791,sransjensPerspn,891,district,20,1171679225,390771486,20190411E7,425596347337963
2792,transientPerson,353,communisy,131,1072726321,39.0779881,20191401E7,434596347337963
2793,tramsifntOerson,994,conmunity,132,1172697469,39.7254429,20190401F7,435596347337963
2794,sransiemtOfrson,811,city,2,1177806078,39.1355648,20191401E7,435596357337973
2795,sramsientPerson,971,district,28,107259490,397044341,20190401E7,435597347237963
2796,trantiemtPerson,323,district,19,1172925960,391620870,30190401E7,435596247337863
2797,transientPfrton,599,conmunity,130,1061781094,39.0670836,20190401E7,435496347237963
2798,trantjentPerspn,927,district,20,1171698464,390792071,20090401E7,425596346337962
2799,transifntPerson,736,conmunity,131,1172717247,39.0769093,21190401F7,435496347337972
2800,trbnsientPerspn,800,community,132,1162692885,39.7253965,20191401E7,435586357336963
2801,tqansjensOerson,690,city,2,1174660687,39.0436881,20190401E7,435596346337963
2802,trbnsientPerton,950,district,28,1172703823,396515725,20190401E7,435596346327963
2803,tramtientPerson,581,district,19,1172672924,390733415,20090401E7,435597347337962
2804,transjentOeqson,954,community,130,1171902734,39.0674815,20190401E7,435596347337973
2805,tramtifntPerson,927,district,20,107179626,390662743,20190401E7,435497347337863
2806,trbmsientPerson,671,community,131,1072728861,39.0764064,20190501E7,435596347337863
2807,trbnsientOerspn,476,dpmmunity,132,1172638341,39.727614,21180401E7,435596347237963
2808,transientPeqsom,265,city,2,1175752715,39.0473777,20190411F7,435596357337963
2809,transientPerson,795,district,28,1173265533,396837784,20090401E7,435596347237963
2810,transifntPerson,1081,district,19,1172616284,390662500,20190400E7,435596347326863
2811,tramsiemtPerson,918,cpmmunisy,130,1071803086,39.0662271,20181401E7,425596347336963
2812,tramsiemtPerspn,246,district,20,1171628854,390637943,20190401E7,435596357327963
2813,tqansientOerson,376,dommunity,131,1172714167,39.0778375,20190401E7,435596346336963
2814,tqansientPerson,1041,community,132,1072685472,39.7247594,30190401E7,435596347337963
2815,transientPfqson,979,city,2,1171027960,39.1458536,20190401E7,434597346337963
2816,trbnsientPerspn,670,district,28,1172716411,396253271,20190501E7,435597347237963
2817,transiemtPerton,311,district,19,1172685284,380787615,20180401E7,435596347227962
2818,sransientPerspn,447,community,130,1171802883,39.0659612,20190411E7,435596347337963
2819,transjentPfrsom,201,district,20,1071799191,390741375,20190501E7,435596346337973
2820,trantientPfrson,562,commumity,131,1072731782,39.0766995,20190411E7,435596347336963
2821,transientPerson,109,dommunisy,132,1172609356,39.7243976,20180401E7,425587347337963
2822,transiemsPerspn,755,city,2,1176741770,38.9852922,20190401E7,435596247337963
2823,transientPerspm,351,district,28,1172844192,397354393,20090401E7,425496347337963
2824,trantifntPerson,388,cistrict,19,1172822693,39.068617,20190401E7,435596356237963
2825,tramsientOerson,787,community,130,117179605,390673893,20190401E7,435596347337973
2826,sqantientPerson,670,dissrict,20,1161753285,39.073970,20190401E7,435596347336963
2827,trbnsientPerson,887,cpmmunity,131,1072722414,39.0761366,20180401E7,435596347337862
2828,transientPerson,325,community,132,1172682431,39.7236731,30190411E7,435596347337863
2829,transientPerson,865,city,2,1171313139,39.0709219,21190401E7,435496347227963
2830,tqansjensPerson,251,district,28,1172779998,396041498,20190401E7,425596347337973
2831,transiemtPerson,556,district,19,1172849420,390583311,20090401E7,435597247337863
2832,tramsientPersom,928,dommunity,130,1171802631,39.0664210,20190410E7,435586357337963
2833,transiensPersom,871,district,20,11619085,390803146,20180401E7,434596347237963
2834,transjentPeqson,469,comnunity,131,117.27155,390762881,20191401E7,435596347327963
2835,trantifntPerson,635,community,132,117270157,397256513,20190400E7,434596357337973
2836,transientOerson,664,city,2,1074777475,39.0916795,30190401E7,425597347337963
2837,sransiensPerson,317,cistrict,28,1172815297,39.716091,30180401E7,435496347337973
2838,transiemtPeqton,492,district,19,1162937513,390628465,20190400E7,434596247337963
2839,sransjentPerson,407,dommunity,130,1171810274,39.0675394,20090401E7,425596357336962
2840,srbnsientPfrson,460,district,20,1171743414,390732695,20190401E6,435596347327863
2841,transientPfrson,980,communjty,131,1172708436,39.077353,20190401E7,435596346337963
2842,transientPerton,418,cpmmunitz,132,1072640071,39.7262374,20190410E7,425496347337963
2843,transientPerson,1049,city,2,1172338871,39.2355054,20190501E7,435596247337963
2844,transientOerson,891,district,28,1173214095,396094767,20190401E7,435596347336963
2845,trantientPerson,209,district,19,1172497073,390584814,20190411E7,434597347337973
2846,trantientOerson,270,conmunity,130,1171780024,39.066250,20190401F7,435597347337962
2847,transientPersom,621,district,20,1171988376,390746691,21180401E7,435596247337863
2848,tramsifntPerson,196,domnunity,131,1162711914,39.0766242,20190501E7,435596247237963
2849,transientPerson,1016,community,132,1172709566,39.7245425,20191401E7,435596347336863
2850,trbnsientPerson,390,city,2,1172723582,38.9849734,20190401E7,435496347337962
2851,transjentPerson,802,district,28,1173434780,396578486,20190401E7,435597347237973
2852,sransiensPerson,740,district,19,117255611,390782441,20190401E7,434596347336963
2853,tramtiensPerson,194,conmunitz,130,1171796724,39.0679925,20090401E7,435496357337973
2854,tqansiensPerson,648,district,20,1171600883,390712712,20190401F7,435586346337963
2855,tqbnsientPerson,559,communjty,131,1072727040,39.077024,20190401E7,435596347337963
2856,transientPfrson,752,communitz,132,1172696692,39.7268615,20190400E7,435596347327963
2857,transientPeqsom,981,city,2,1172648326,39.0581636,20090401F7,435486347336963
2858,trbntjentPerson,550,district,28,1172909360,397214192,20190401E7,435596346337862
2859,tramsjentPerson,705,district,19,107272852,390478443,20180401E7,435596347337963
2860,transientPfrton,777,community,130,117180913,390662047,20191401E7,425596346337963
2861,transientPerton,667,distqict,20,1171689545,39.079463,20190401E7,435596247327963
2862,transientPfrspn,903,community,131,117273235,380767960,30190401E7,434496347337963
2863,trantifmtPerspn,416,cpmmunity,132,1072659155,39.7253136,20190401E7,435497356337963
2864,transiensPersom,268,city,2,1075521431,38.9857281,21190400E7,434596357237963
2865,transientPerson,993,district,28,1172414159,387347838,20190401E7,435597347337963
2866,transiensPfrson,1062,district,19,1172434668,391571668,21190401E7,435596347337963
2867,transiensOerson,228,community,130,116181910,390682190,20190401E7,435597247336963
2868,trbnsientPerton,853,district,20,1072015880,390773690,20190401E7,434596347227963
2869,transiemtPerson,483,community,131,1172714775,39.0775546,20190401E7,425586347337963
2870,trbnsientPerson,753,community,132,1162677735,39.7235491,20190400E7,435596247327963
2871,transientOerson,216,city,2,1171619657,39.0007623,21190401E7,435596347337863
2872,transientPerspn,720,district,28,1173000844,396920655,20190411F7,435596347336963
2873,trbntiensPerson,850,district,19,1172356797,390572181,20190401E7,435596347337963
2874,tramsientPfrsom,993,communitz,130,1171797332,39.0677515,20190401F7,435596347337863
2875,transjentPerspn,312,district,20,1161660134,390704184,20191401E7,435596356337962
2876,tqamsifntPerson,479,community,131,1172723234,39.0758975,20190400E7,435596247337963
2877,transiemtPerson,361,comnunity,132,1172632516,39.7236313,20090401E7,435597347337963
2878,transientOersom,267,city,2,117.57481,391957734,20090411F7,425596347337963
2879,trbntientPerson,151,district,28,1173483621,397100844,20090411E7,434596346337863
2880,trbntientPersom,854,district,19,1172449615,391629487,20190401E7,435596347327963
2881,transjensPfrson,715,community,130,117179713,391675614,20190501E7,435596347337972
2882,trantientOerson,912,district,20,1171831414,390706390,20190411F7,435596347337963
2883,tqbnsientPfrson,316,communisy,131,1162731846,39.0767831,20190400E7,435596347326963
2884,tramsientPersom,743,cpmmunitz,132,1072609974,39.7263312,20190401E7,435596347337863
2885,trantientOerspn,668,city,2,1174367596,38.9420715,20190400E7,435597347337863
2886,transientPfqton,1008,district,28,117345752,396885574,20190501E7,435596246337963
2887,transjfntPerson,937,district,19,107277341,390738886,20190401F7,435596247337863
2888,transjentOerspn,561,community,130,1061802731,39.067071,20190411E7,435496347337963
2889,trantjentPerton,895,district,20,1071612324,390664535,20190401E6,435496346327963
2890,transjemtPertpn,689,communjty,131,1172716763,39.0774412,20190400E7,435586347237862
2891,transiemtOerson,661,cpmmunity,132,1172706971,39.7270854,20190401E7,435596347337963
2892,transientPerson,136,city,2,1164765342,38.9950275,20190401E6,435596347337863
2893,transifntPfrson,596,district,28,1072976086,397438826,20190401E7,435496347336963
2894,transiensOerson,474,district,19,1172877950,390645893,20190401E7,435597357327963
2895,transientPerson,480,community,130,1170784732,39.0672933,21190401E7,435596347237863
2896,transifntPerson,876,district,20,1171842283,390711477,20190400E7,425596347327962
2897,trbnsientPerson,840,community,131,1172706314,39.0768963,20190401E7,435596347237963
2898,trantjentPersom,473,cpmmunitz,132,1172708484,39.7236470,20190401E7,435597347337963
2899,transientPerton,743,city,2,1174410814,39.2256466,20190401E7,434596347337963
2900,trantientPerson,194,district,28,1173100080,396813681,20190401E7,425586247337963
2901,trantiemtPerson,643,district,19,117253848,390706699,20191401E7,435596247237962
2902,trbnsientPerspn,530,communjtz,130,1171786748,39.0674988,20180401E7,425596346337963
2903,trantientPerson,623,district,20,1071638590,390748911,20190411E7,435596347237863
2904,srbnsientPerson,423,community,131,1162713540,39.0766560,30090401E7,435496347337863
2905,sramsientPerson,145,community,132,1172748394,39.7255246,20190401E7,425596347337963
2906,transientPeqson,358,city,2,1174868455,39.122771,20090401E7,434597347337963
2907,trantientPerton,252,district,28,1172858897,387205533,20190401F7,425596347237962
2908,transientOersom,1085,district,19,1172918565,390598275,20190401E7,435597347337963
2909,transjentOerspn,569,communjty,130,1170816597,39.06741,20190401E6,435596346336963
2910,transientPerton,492,district,20,117187553,390748145,20190401E7,434596346327963
2911,trbnsientPerspn,650,commumity,131,1172635874,39.0779454,20190401F7,435496346337963
2912,transifntOerton,676,commumity,132,1163717524,39.7264155,20190501E7,435596347337962
2913,transiensPersom,329,city,2,1173891687,39.0282033,20190401E7,435596247337973
2914,tqansientPerspn,515,district,28,1172809961,396529654,20190401E7,434596347337973
2915,trantiensPerson,489,district,19,1172347540,39.077194,20190401E7,435596347327963
2916,transientOerson,800,community,130,1171781785,39.0673797,20190401E7,435596257237973
2917,trbnsifntPerson,434,district,20,1170880943,390732424,20191400E7,425596346237963
2918,tramsientPerson,666,community,131,1172631314,39.0761070,20190400E7,435596357337973
2919,transiensOeqson,929,community,132,117263686,397279581,20190501E7,435596347337963
2920,tramsientOfrton,547,city,2,117519614,38.9619282,21190401E7,435596347326963
2921,tramtientPerson,845,district,28,1173472416,397020115,20190400E7,435596347326962
2922,trantiensPerson,485,district,19,1172731042,391464194,20190501E7,425596347337963
2923,transjentOerson,791,community,130,1171783010,39.0669026,20190411E7,435596357337963
2924,sransientPerspm,397,district,20,1171836981,390745761,20090401E6,435596247337973
2925,transiensPeqson,513,commvmity,131,1172725295,39.0772455,20190401E7,435597247337963
2926,tramtiemtPerson,273,domnunity,132,1173664813,39.7261912,30190400E7,435596247337962
2927,sransifntPerson,725,city,2,1171775991,39.2374084,20190411E6,434596347337963
2928,transientPerspn,705,district,28,1173505992,396989585,20190401E7,425596347337962
2929,sransientOerson,252,district,19,1172381457,380553556,20190401E7,435596347337963
2930,tramsientPerson,1044,cpmmvnity,130,1171794760,39.0666472,21190401E7,435597347337963
2931,trantientPerson,364,district,20,1171722042,390783783,20190401E7,435596247336963
2932,tqbnsientPersom,588,community,131,1162727113,39.0767017,20091401E7,435596247336962
2933,tramsientPerton,746,community,132,1172627215,39.7253243,20190411E7,425596346337973
2934,sransjentPerson,867,city,2,1166176995,39.053490,20191401E7,435596346327963
2935,transientPerson,994,district,28,1162537195,396248166,30190401F7,435596347337863
2936,transjentPerson,269,district,19,1172628961,391658781,21191401E7,435596247337963
2937,transientPerson,261,commumity,130,1171798369,39.0672819,20190400E7,434587347327963
2938,transientPerson,398,district,20,1161961228,390768108,20181401E7,435496347237963
2939,transiemsPersom,109,commumity,131,1172713531,39.076751,21190401E7,435597357337963
2940,tramsifntPersom,248,cpmmunity,132,1162671680,39.7255910,30190401E7,435596347337963
2941,transientPfrson,814,city,2,1071795014,39.2331146,20090401E7,435596246337863
2942,sransientOerson,225,district,28,116319035,387236371,20191401E7,435596347327963
2943,sransientPerson,582,district,19,1172844347,39.058373,21191401E7,435596347237963
2944,transifntOerspn,133,commvnity,130,1171792875,39.0674035,20090501E7,435596357337962
2945,transientPerson,820,district,20,1171727637,390755961,20190401F7,425596357337963
2946,transientPerson,601,communitz,131,1072731033,39.0778145,21190401F7,425596347337963
2947,transientPerson,445,communjty,132,1172696994,39.7257494,20190401E7,435496347337963
2948,transifntPerton,319,city,2,117.17854,380390225,21180401E7,435596347236963
2949,tqansientPerton,160,district,28,1172799666,396971952,20190411E7,435597357337963
2950,tqbntientPeqson,744,district,19,1172570281,390735514,21190401E6,435496247337963
2951,trbnsientPerson,138,commvnity,130,1171807931,39.0681934,20190400E7,435586347336973
2952,sransientPerspm,360,district,20,1171952655,39.077467,20190401E7,435596347337963
2953,transientPersom,285,commvnity,131,1173725433,39.0771434,20190400E7,425596347237973
2954,transiemtPfrtpn,243,communitz,132,1172642495,39.7243330,20190401E7,435496347337963
2955,sransiensPersom,260,city,2,1172077856,39.1406061,20180501E7,435596347336963
2956,tramsientPfrson,471,district,28,1173572654,397529402,20190401E7,435596347337862
2957,sransientPerspn,474,cissrict,19,1172770196,39.061875,20180400E7,435596247227963
2958,transifntPfrson,857,community,130,116180012,390677974,20190401E6,435596347336863
2959,trantientPerson,763,district,20,1071632490,390766216,20190401F7,425596347237963
2960,transientPfrson,142,community,131,117261241,390759851,20090411E7,435586347237963
2961,tramsientPersom,319,community,132,117363824,397242045,20190501E7,435596347337963
2962,tqansiemtOeqson,1070,city,2,1174076823,39.092452,20190401F7,435496356337963
2963,transientPerton,294,district,28,117303391,397535234,20190401E7,435597357337963
2964,trantiemtPerson,157,district,19,117276282,39068964,20190401E6,435596347337963
2965,transientPerson,802,comnunity,130,1171786586,39.0662276,20190401F7,435596257237963
2966,trbnsjentPerson,440,district,20,1170683670,380671142,20090401E7,434596347336963
2967,trbnsientPerson,692,dommunity,131,1072716393,39.0771493,20191401E7,435596347237973
2968,transifntPerspn,1041,community,132,1173685743,39.7261047,20190401E7,435597357337963
2969,transifmtPerson,1027,city,2,1160840415,38.9898543,30190401E7,425496347337963
2970,transifntOfrson,914,district,28,1172515674,397394290,20191401E7,435496347327963
2971,sqansiensPerson,388,district,19,1172615845,390615926,21190401F7,435597347337963
2972,trbnsjentPerson,1099,community,130,117179081,390675781,20190411E7,435596346337963
2973,trantientPersom,228,district,20,1171714939,390568429,20190401E6,435586347237963
2974,trbmsientPerson,741,community,131,1172706388,39.0759828,20090400E7,435596347236963
2975,transientPerson,923,comnvnity,132,1162733261,39.7258851,20190401F7,435596347337962
2976,sransientPerton,292,city,2,1175557780,39.0832870,20190401F7,435596347337973
2977,tqansientPerspn,590,district,28,1172508964,396972026,20190400E7,435496347237963
2978,sransifntPerspn,972,district,19,1172879385,380709551,20190501E7,425597346327963
2979,transientPerson,988,comnvnity,130,1170787647,39.0678463,20190401E7,435596246337963
2980,trbnsifntPerson,927,district,20,1171661385,391774125,20190401F7,434596347337862
2981,transiemtPeqsom,568,community,131,1173705266,39.0780461,20190401E7,435596347337963
2982,sransientPerspm,959,conmunisy,132,1172721283,39.7249065,20180401E7,435596346336963
2983,tramsientPerton,990,city,2,1171381004,38.9888094,20190400E6,435596357327973
2984,transjentPerton,972,district,28,1172666044,387365795,20190401E7,435596347337962
2985,transiemtPerson,791,district,19,1172599496,391546353,20191401F7,435496347337972
2986,transientPfrson,938,community,130,1170798021,39.0681944,21190401E7,435597347337962
2987,sransjentPerson,215,district,20,117190511,390788295,20180401E7,435596357227963
2988,trantiemtPerson,164,dommunity,131,1172721744,39.0783827,20190401E6,434596247337963
2989,trbnsjfntPerson,1071,comnunity,132,1162721283,39.7272364,20190401E7,435596346336963
2990,trantientPerson,765,city,2,1072492764,38.9952080,20190401E6,435596347236963
2991,transientPerson,511,district,28,1173314897,396990231,20190400E7,435597347337963
2992,transiemtPerton,160,district,19,1172553795,390742572,20180401E7,425586347337963
2993,tramtientPerson,167,conmunity,130,1171816246,39.0677125,20190411E7,434596347337963
2994,transientOeqson,252,districs,20,1161910682,39.060984,20190401E7,435597357337963
2995,sransientPerson,660,conmunity,131,1172723130,39.0766446,30190401F7,435596347337963
2996,transientOersom,445,donmunity,132,1172638180,39.7264651,21190401E6,435596347336973
2997,transientPersom,143,city,2,1172430774,39.0373455,20180411E7,425596347336962
2998,trbnsientPerson,282,district,28,1173304213,397382083,20190401E7,435496347337972
2999,transientPeqspn,878,district,19,1172679771,390619464,20190401E7,435586347237962
3000,transiensOerson,444,community,130,117080672,390683975,20190401E7,435586347327963
3001,tramtiensPerson,488,district,20,1171830616,390582266,20190501E7,435596347337963
